name,create_date,source,value,value_desc
High PPS,2019-06-11 01:17:14.899+0000,High PPS,"{'PPS', 'Recovery to STBL'}",High PPS
commodity,2019-04-15 13:10:57.684+0000,commodity,"{'CFI', 'Hard Drive', 'ISG Mechanical', 'Network Card', 'Networking', 'Processor', 'Software', 'XLOB'}",commodity
REASON_CODE,2019-05-31 13:34:58.385+0000,REASON_CODE,"{'BTB', 'BTB - DSS/DCS', 'BTB - Non CFI low Run Rate Part', 'BTB - Planned CFI', 'BTB - VALV', 'CFI - CFI Order', 'ENG', 'ENG - Engineering Issues', 'ENG - Quality Issues (SQE)', 'EOL', 'EOL - Transition Management', 'FCA', 'FCA - Abnormal Demand', 'FCA - Abnormal Demand(Platform)', 'FCA - DSS/DCS', 'FCA - Demand Upside', 'FCA - Demand Upside(Platform)', 'FCA - Lead Time Issue', 'GEO', 'GEO - Geography', 'IND', 'IND - WW Allocation/Event Mgmt', 'LOG', 'LOG - Carrier Execution/Delay', 'LOG - Customs Delay', 'LOG - Material Damaged in Transit', 'LOT', 'LOT - Non Compliant LO', 'LOT - Planned LO Entered within LT', 'LOT - Unplanned Large Order', 'NPI', 'NPI - Transition Management', 'PEN - Pending update', 'PNS', 'PNS - Illegal or Invalid - Pending C and R', 'PNS - Material Available in HUB', 'PRO', 'PRO - Buyer Not Assigned', 'PRO - PO Issues', 'PRO - Part not pulled', 'PRO - Part/Deviation not setup/Platform Restriction', 'RRI - Run Rate Increase', 'SCH - Scheduled - FDD/FGA', 'SCH - Scheduled - FDD/FGA/VALV part', 'SQE', 'SUP', 'SUP - Low DSI', 'SUP - Low DSI plan', 'SUP - Quality Issues (SQE)', 'SUP - Sub Tier  -  Material Constraint', 'SUP - Supplier Decommit'}",REASON_CODE
RULE_MEASURES,2019-04-10 00:00:00.000+0000,COSRED,"{'PPS', 'STBL'}",Rulemeasures
SITE_XREF,2019-06-11 01:17:01.837+0000,SITE_XREF,"{'APCC', 'BRH', 'CCC', 'CCC6', 'COV', 'Compal KS', 'DBI', 'EMFP', 'FSJ', 'ICC', 'TIL'}",SITE_XREF
Severe STBL,2019-06-11 01:17:30.127+0000,Severe STBL,"{'Recovery to STBL', 'STBL'}",Severe STBL
LOB,2019-08-02 14:15:21.000+0000,product_hierarchy,"{'ALIENWARE DESKTOPS', 'ALIENWARE NOTEBOOKS', 'ANALYTICS THIRD PARTY', 'APPLICATIONS DEVELOPMENT', 'AVAMAR', 'BI APPLICATIONS', 'CAT_ALL_LOB', 'CENTERA', 'CLIENT PERIPHERALS', 'CLOUD NATIVE DP', 'CLOUD PRODUCTS', 'CLOUDLINK', 'COMMERCIAL CHROME', 'COMMON FAMILY', 'CONNECTRIX', 'CONSUMER CHROME', 'CS 3RD PARTY SOFTWARE', 'CS DEPLOYMENT SERVICES', 'CS OTHER SERVICES', 'CS SUPPORT SERVICES', 'DATA PROTECTION APP TRANS', 'DATA PROTECTION SUITE', 'DATA PROTECTION SW TRANS', 'DATA SECURITY SOLUTIONS', 'DATADOMAIN', 'DCA', 'DELL NETWORKING', 'DELL STORAGE OEM', 'DELL STORAGE PS', 'DELL STORAGE SC', 'DISPLAYS', 'DLM', 'ELASTIC CLOUD STORAGE', 'EMC', 'EMC LOB DESC 1', 'EMC SELECT', 'ENTERPRISE PERIPHERALS', 'ESG 3RD PARTY SOFTWARE', 'ESG DEPLOYMENT SERVICES', 'ESG OTHER SERVICES', 'ESG SUPPORT SERVICES', 'EUC OTHER', 'HYPERCONVERGED INFRAS TRANS', 'IMAGING', 'INSPIRON DESKTOPS', 'INSPIRON NOTEBOOKS', 'INTEG APPLIANCE', 'INTERNET OF THINGS', 'ISILON', 'LATITUDE', 'LOB2', 'MOBILE ELECTRONICS', 'OBSOLETE SYSTEMS 4', 'OEM NETWORKING', 'OPTIPLEX DESKTOPS', 'OTHER ELECTRONICS', 'PIV APP', 'PIV PCF', 'POWEREDGE', 'POWEREDGE - SC', 'POWERMAX', 'PRECISION DESKTOPS', 'PRECISION NOTEBOOKS', 'RECOVERPOINT FAMILY', 'SECURITY AND THREAT MANAGEMENT', 'SOFTWARE - SERVER AND OTHER', 'SOFTWARE - STORAGE', 'STORAGE INTEGRATED OFFER', 'STORAGE VIRTUALIZATION', 'SYMMETRIX', 'TABLETS', 'TRIDENT', 'TVS', 'UNIFIED', 'UNITY', 'UNITY AFA', 'VCE', 'VIRTUSTREAM STORAGE CLOUD', 'VMAX AFA', 'VOSTRO DESKTOPS', 'VOSTRO NOTEBOOKS', 'VXRACK AS', 'VXRACK FLEX', 'VXRACK SDDC', 'VXRAIL', 'WEB PRODUCTS', 'WYSE', 'XPS DESKTOPS', 'XPS NOTEBOOKS', 'XTREMIO'}",Distinct LOB Values
Long Term Gap Out,2019-06-11 01:17:42.867+0000,Long Term Gap Out,{'Recovery to STBL'},Long Term Gap Out
COMMODITY,2019-05-22 06:21:53.086+0000,COMMODITY,"{'Battery', 'Carrying Case', 'ISG Peripheral', 'Mechanical', 'Memory', 'Optional', 'Processor', 'Regional Commodity', 'Software', 'XLOB'}",COMMODITY
RULETYPES,2019-06-11 01:17:55.073+0000,COSRED,"{'High PPS', 'Long Term Gap Out', 'Severe STBL'}",RULETYPES
region,2019-04-15 13:15:19.542+0000,region,{'EMEA'},region
SITE,2019-08-02 14:15:21.000+0000,site_master,"{'AM1', 'AMF', 'APCC', 'APJVIRLOG', 'ARC', 'ASL', 'AUS-BAX', 'AUSTIN', 'AVNCHA', 'AW1', 'BLRMRG', 'BOMMRG', 'BRH', 'BYDHUI', 'CCC', 'CCC-BJ', 'CCC-POST', 'CCC-SH', 'CCC6', 'CCC7', 'CCINAN', 'CHICAGO', 'CHNKSN', 'CNAMRG', 'COMCHE', 'COMHAN', 'COMKUN', 'COMTAO', 'COV', 'COV2', 'CPH', 'DBI', 'DBNULL', 'DCSELP', 'DCSSHA', 'DELMRG', 'DGPC', 'DGPM', 'DGS', 'ELPASO', 'EMEA', 'EMEAVIRLOG', 'EMF', 'EMFP', 'FLEJUA', 'FLESUZ', 'FOXJUA', 'FOXKUN', 'FOXLOD', 'FOXTAI', 'FOXYAN', 'FOXYDT', 'FRA', 'GIR', 'HEL', 'HNK', 'HOUSTON', 'IATTDF', 'ICC', 'ICCMRG', 'INDIANAPOLIS', 'INTTRF', 'INVSHA', 'IST', 'JAKARTA', 'JNB', 'KOR-BAX', 'LAX', 'LMK', 'LOG', 'MDS', 'MEXICO', 'MS-APJ', 'MS-MEMPHIS', 'MS-NEDERLAND', 'NASHVILLE', 'NCO', 'NFC', 'NRT-FDX', 'NRTMRG', 'NULL', 'NYC', 'NZ-BAX', 'OHIO', 'P10', 'PEGCHO', 'PEGJUA', 'PEGSHA', 'PEGSUZ', 'PEGTAO', 'PFC', 'PNGMRG', 'PRG', 'PTH-BAX', 'QISSUZ', 'QUASAN', 'QUASHA', 'RFC', 'RITURB', 'SDC', 'SHAAMER', 'TAT', 'TDCAA6', 'TDGAA2', 'TDINA4', 'TDNJA3', 'TDTXA5', 'TIL', 'TIL2', 'TKY-SGW', 'TSS', 'UPE', 'VIRAUS', 'VIRJUA', 'WISCHE', 'WISJUA', 'WISKUN', 'WISSUB', 'WISZHO', 'XIAMEN', 'XYRSAC', 'ZTESHE'}",Distinct SITE Values
REASON CODE,2019-08-02 14:15:21.000+0000,stbl_part_level,"{'', 'BTB - Buy to Backlog', 'DBNULL', 'DSI - Strategic/DSI Build Up', 'ENG - Quality Issues (SQE)', 'EOL - Transition Management', 'FCA - Demand Upside', 'FCA - Demand Upside within LT', 'FCA - Demand Upside(Platform)', 'FCA Demand Upside', 'GEO - Geography', 'IND - WW Allocation/Event Mgmt', 'LOG - Carrier Execution/Delay', 'LOG - Customs Delay', 'LOG - Material Damaged in Transit', 'LOT - Non Compliant LO', 'LOT - Planned LO Entered within LT', 'LOT - Unplanned Large Order', 'NPI - Transition Management', 'NULL', 'PEN - Pending update', 'PNS - Illegal or Invalid', 'PNS - Illegal or Invalid - Pending C and R', 'PNS - Material Available in HUB', 'PRO - Deviation not setup/Platform Restriction/CFI Flag', 'PRO - Part not pulled', 'RMA - Waiting for rework/re-box/return material', 'RRI - Run Rate Increase', 'SCH - Scheduled - FDD/FGA', 'SUP - Low DSI', 'SUP - Sub Tier  -  Material Constraint', 'SUP - Supplier Decommit'}",Distinct REASON CODE Values
PRODUCT_TYPE,2019-08-02 14:15:21.000+0000,product_hierarchy,"{'CLIENT SOLUTIONS PBU', 'CONVERGED', 'EMC_PRODUCT_TYPE', 'ENTERPRISE SOLUTION GROUP PBU', 'ISG', 'NETWORKING', 'OBS PROD TYPE', 'PRIMARY STORAGE', 'SOFTWARE PBU'}",Distinct PRODUCT_TYPE Values
lob,2019-04-15 13:08:43.825+0000,lob,"{'FIXED WORKSTATIONS', 'NoteBook', 'POWEREDGE', 'compellent'}",lobs
sites,2019-04-15 13:15:05.396+0000,sites,"{'APCC', 'CCC', 'CCC6', 'EMFP', 'ICC'}",sites
REGION,2019-06-11 01:16:45.869+0000,REGION,"{'APJ', 'ASIA ODMs', 'BRH', 'EMEA', 'FSJ'}",REGION
LOB_EMC,2019-07-29 10:03:04.802+0000,L_EMC Product Hierarchy,{'Emc products'},EMC Product Master data
PLATFORM,2019-08-02 14:15:21.000+0000,product_hierarchy,"{'1 SOCKET 1U AMD ODM', '1 SOCKET 1U INTEL ODM', '1 SOCKET 2U', '160L', '1S BLADE', '2 SOCKET 1U', '2 SOCKET 1U AMD', '2 SOCKET 1U AMD F1B', '2 SOCKET 1U AMD ODM', '2 SOCKET 1U INTEL', '2 SOCKET 2U', '2 SOCKET 2U AMD', '2 SOCKET 2U INTEL', '2 SOCKET HU INTEL FACTORY', '2 SOCKET HU INTEL ODM', '2 SOCKET QU', '2 SOCKET TOWER', '2707WFP', '2709W', '3007WFP', '3007WFP HC', '3008WFP', '6000 DSS', 'A35BTX', 'A35CTO', 'ABACUS HIGH', 'ABACUS LOW', 'ABACUS MT', 'ABRASIVE', 'ACCORDDP', 'ACELA', 'ADAMO', 'ADAMO FASTTRACK', 'ADAMO RETAIL', 'ADELBERT SC3000', 'ADELBERT SC3020', 'ADIDAS', 'AERON', 'AFTERSHOCK', 'AGENT CARLIN', 'AGGRESSOR PRINTER', 'AJAX', 'AKEBONO', 'ALAMEDA', 'ALAMEDA ANZ', 'ALAMEDA ARG', 'ALAMEDA BRZ', 'ALAMEDA CHI', 'ALAMEDA CHL', 'ALAMEDA EURE1', 'ALAMEDA EURE2', 'ALAMEDA EURE3', 'ALAMEDA EURE4', 'ALAMEDA EURE5', 'ALAMEDA IND', 'ALAMEDA MEX', 'ALAMEDA UKE2', 'ALAMEDA UKE3', 'ALAMEDA US', 'ALANNYSR', 'ALAR', 'ALARBTX', 'ALBA', 'ALBA FASTTRACK', 'ALBA RETAIL', 'ALCATRAZ', 'ALEXANDER', 'ALEXANDRE', 'ALHENA', 'ALHENA RTL', 'ALIENWARE MONITOR AW2518H', 'ALIENWARE MONITOR AW2518HF', 'ALIENWARE MONITOR AW2720HF', 'ALIENWARE MONITOR AW3418DW', 'ALIENWARE MONITOR AW3418HW', 'ALIENWARE MONITOR AW3420DW', 'ALPINE 14', 'ALPINE 15', 'ALPINE14BTX', 'ALPINE15BTX', 'ALTA', 'ALTER EGO SC460', 'ALTER EGO SCV360', 'ALTIMA', 'ALTIMA SC', 'AMARILLO', 'AMAZON', 'AMAZON AIO', 'AMAZON AIO BTX', 'AMAZON X', 'AMAZON X OEM', 'AMAZON7', 'AMAZON7MTBTX', 'AMAZON7SFFBTX', 'AMAZONMICROBTX', 'AMAZONMTBTX', 'AMAZONSFFBTX', 'AMAZONUSFFBTX', 'AMAZONXMTBTX', 'AMAZONXMTOEMBTX', 'AMAZONXOEMMTBTX', 'AMAZONXOEMSFFBTX', 'AMAZONXOESFFBTX', 'AMAZONXSFFBTX', 'AMAZONXSFFOEMBTX', 'AMBASSADOR', 'AMERICANO', 'AMG', 'AMG XFR', 'ANAKIN NET TOP', 'ANAKIN NET TOP RETAIL', 'ANAKIN SCALABLE', 'ANAKIN SCALABLE RETAIL', 'ANCHOR STEAM', 'ANCHORMAN CS', 'ANDRESS', 'ANDRESS FASTTRACK', 'ANDRESS RETAIL', 'ANDREWS INTEL NTU', 'ANDREWS INTEL NTU RETAIL', 'ANDREWS INTEL TD', 'ANDREWS INTEL TD RETAIL', 'ANDREWS INTEL TU', 'ANDREWS INTEL TU RETAIL', 'ANDROMEDA', 'ANDROMEDA FASTTRACK', 'ANDROMEDA R2', 'ANDROMEDA R2 BTX', 'ANDROMEDA R2 FASTTRACK', 'ANDROMEDA R2 RETAIL', 'ANDROMEDA R3 BTX', 'ANDROMEDA R3 CTO', 'ANDROMEDA RETAIL', 'ANDROS AMD', 'ANDROS AMD FASTTRACK', 'ANDROS AMD RETAIL', 'ANDROS INTEL', 'ANDROS INTEL FASTTRACK', 'ANDROS INTEL RETAIL', 'ANDROSAMDMLK', 'ANDROSAMDMLK RETAIL', 'ANGELFISH NONFED', 'ANGELFISHCTO', 'ANGELFISHMFFBTX', 'ANGELFISHMTBTX', 'ANGELFISHSFFBTX', 'ANGELFISHTAA', 'ANISTON', 'ANISTON RETAIL', 'ANJU', 'ANJU RETAIL', 'AP1130', 'AP122', 'AP122X', 'AP130', 'AP150W', 'AP230', 'AP245X', 'AP250', 'AP550', 'AP630', 'AP650', 'AP650X', 'APEX', 'APOLLO', 'APPA  RENEWALS & PPM STOR', 'APPA LICENSE & 1Y MAINT STOR', 'APPA PROF SVCS STOR', 'APPSYNCAFADVANCED', 'APPSYNCAFBASIC', 'APPSYNCHYBADVANCED', 'APPSYNCHYBBASIC', 'APRILIABTX', 'AQUAX4', 'AQUAX4BTX', 'ARAPAHO', 'ARDENNES', 'ARES', 'ARES SERVER', 'ARGOS', 'ARGOS FASTTRACK', 'ARGOS RETAIL', 'ARIES', 'ARMANI13KBLBTX', 'ARMANI14KBLBTX', 'ARMANI15CFLH BTX', 'ARMANI15CFLHBTX', 'ARMANI15KBLHBTX', 'ARROWHEAD', 'ARSENAL', 'ARSENAL AMD RETAIL', 'ARSENAL INTEL AR RETAIL', 'ARSENAL INTEL MV RETAIL', 'ARSENAL NEW AMD', 'ARSENAL NEW AMD RETAIL', 'ARSENAL NEW AMD RTL BTS', 'ARSENAL NEW INTEL AR', 'ARSENAL NEW INTEL AR FASTTRACK', 'ARSENAL NEW INTEL AR RETAIL', 'ARSENAL NEW INTEL AR RTL BTS', 'ARSENAL NEW INTEL MV', 'ARSENAL NEW INTEL MV FASTTRACK', 'ARSENAL NEW INTEL MV RETAIL', 'ARSENAL RETAIL', 'ARYA', 'ARYA CS', 'ASAHI', 'ASICS', 'ASPENBTX', 'ASPENCTO', 'ASPENTAA', 'ASTERIX', 'ASTEROID', 'ASTON VILLA', 'ASTON VILLA EDMSW', 'ASTRO', 'ASTRO CS', 'ASTRO14BTX', 'ASTRO14MLKBTX', 'ASTRO15BTX', 'ASTRO15MLKBTX', 'ATHENS', 'ATLAS', 'ATTILA', 'AUDIA3BTX', 'AUDIA3CTO', 'AUDIA3RTL', 'AUDIA4AMDBTX', 'AUDIA4AMDCTO', 'AUDIA4AMDRTL', 'AUDIA4INTELBTX', 'AUDIA4INTELCTO', 'AUDIA4INTELRTL', 'AUDIA4TURBOBTX', 'AUDIA4TURBOCTO', 'AUDIA4TURBORTL', 'AUDIA5AMDBTX', 'AUDIA5AMDCTO', 'AUDIA5AMDRTL', 'AUDIA5INTELBTX', 'AUDIA5INTELCTO', 'AUDIA5INTELRTL', 'AUDIA5TURBOBTX', 'AUDIA5TURBOCTO', 'AUDIA5TURBORTL', 'AUDIA7INTELBTX', 'AUDIA7INTELCTO', 'AUDIA7INTELRTL', 'AUDIA7TURBOBTX', 'AUDIA7TURBOCTO', 'AUDIA7TURBORTL', 'AUGUSTABTX', 'AUGUSTACTO', 'AUGUSTATAA', 'AUSTIN', 'AUSTINBTX', 'AVALANCHE', 'AVALON', 'AVALON 3 XLBTX', 'AVALON 3 XLCTO', 'AVALON 5 XLBTX', 'AVALON 5 XLCTO', 'AVALON 7 XLBTX', 'AVALON 7 XLCTO', 'AVALON R XLBTX', 'AVALON R XLCTO', 'AVALON5810BTX', 'AVALON5810CTO', 'AVALON7810BTX', 'AVALON7810CTO', 'AVALON7910BTX', 'AVALON7910CTO', 'AVALON7910RBTX', 'AVALON7910RCTO', 'AVALON7910WSDSS', 'AVAMAR SOLUTION_FAMPAR', 'AVANTE', 'AVANTE M50', 'AVENGER', 'AVENGER MLK', 'AVENGER MLK RETAIL', 'AVENGER RETAIL', 'AVENTADORBTX', 'AVENTADORCTO', 'AVENTADORLBTX', 'AVENTADORLCTO', 'AVIA', 'AVO', 'AVO CELERON', 'AZEDA', 'AZTECA', 'AZTECS113190CTO', 'AZTECS145490CTO', 'BADGER 2', 'BAEKELAND M60', 'BAILEYBTX', 'BALI', 'BALON CS', 'BANDERABTX', 'BANDONBTX', 'BANDONCTO', 'BANDONTAA', 'BANFF', 'BARBADOS', 'BARBALOOT', 'BARBERA PRINTER', 'BARBERA TAA 110V', 'BARBERA TAA 220V', 'BARCELONA', 'BARKLEY', 'BARKLEY 110V TAA', 'BARKLEY 220V TAA', 'BARKLEYWIFI', 'BARLOWBTX', 'BASIL', 'BASTROPBTBTX', 'BASTROPCTBTX', 'BATTERY CHARGER', 'BAY BREEZE', 'BAY BREEZE 110V CAC', 'BAY BREEZE 110V TAA', 'BAY BREEZE 220V CAC', 'BAY BREEZE 220V TAA', 'BAYONET', 'BEACHCOMBER', 'BEACHCOMBER DSS', 'BEACHCOMBER OEM', 'BEACHCOMBERBTX', 'BEACHCOMBEROEMRBTX', 'BEACON TD', 'BEAR', 'BEAR FASTTRACK', 'BEAR KRYPTONITE', 'BEAR RETAIL', 'BEAVERCREEK12BTX', 'BEAVERCREEK12CTO', 'BEAVERCREEK12TAA', 'BEAVERCREEK14BTX', 'BEAVERCREEK14CTO', 'BEAVERCREEK14TAA', 'BECKHAM', 'BECKS', 'BECRUX', 'BECRUX RTL', 'BEETLE', 'BEETLE SC', 'BEIJING', 'BEIJING M70', 'BELLAIRE', 'BELLAIREBTX', 'BELLINI', 'BELLINI 110V TAA', 'BELLINI 220V TAA', 'BELLS3', 'BELLS3BTX', 'BELLS5', 'BELLS5BTX', 'BELLS7', 'BELLS7BTX', 'BELMONTBTX', 'BELUSHI-L', 'BENDER SC400', 'BENDER SC420', 'BENFICA', 'BENSOLO14AMDBTX', 'BENSOLO14MSBTX', 'BENSOLO14VLBTX', 'BENSOLO15MSBTX', 'BENZ', 'BENZ LITE', 'BENZINA 2G WAPIWIFI', 'BENZINA 3G', 'BERINGERBTX', 'BERKELEYBTX', 'BERKELEYCLDBTX', 'BERKELEYCLDCTO', 'BERKELEYCLDTAA', 'BERKELEYCTO', 'BERKELEYTAA', 'BERLIN', 'BERLIN MULTIPACK', 'BERLINETTA P', 'BERLINETTA PBTX', 'BERLINETTA PMLKBTX', 'BERLINETTA PMLKCTO', 'BERLINETTA PMLKTAA', 'BERLINETTA PTAA', 'BERLINETTABTX', 'BERLINETTACFLBTX', 'BERLINETTACFLRBTX', 'BERLINETTAMLKBTX', 'BERLINETTAPCFLBTX', 'BERLINETTAPCFLCTO', 'BERLINETTAPCFLRBTX', 'BERLINETTAPCFLRCTO', 'BERLINETTAPCFLRTAA', 'BERLINETTAPCFLTAA', 'BERMUDA', 'BERRY AMD', 'BERRY AMD FASTTRACK', 'BERRY AMD RETAIL', 'BERRY INTEL', 'BERRY INTEL FASTTRACK', 'BERRY INTEL RETAIL', 'BEYONCE', 'BEYONCE FASTTRACK', 'BEYONCE RETAIL', 'BIG BARK SC480', 'BIG BEND', 'BIG SUR', 'BIGFOOT', 'BIGHORN', 'BIGHORN BTX', 'BIGHORNMLK', 'BIGHORNMLK BTX', 'BIGMOUNTAINEXPRESSMLKBTX', 'BIGSURBTX', 'BILOXI DN 110V', 'BILOXI DN 220V', 'BILOXI DN TAA 110V', 'BILOXI DN TAA 220V', 'BILOXI N 110V', 'BILOXI N 220V', 'BISON MICROBTX', 'BISON SFFBTX', 'BISON TOWERBTX', 'BISONCTO', 'BISONCTO65W', 'BISONMLK MICROBTX', 'BISONMLK SFFBTX', 'BISONMLK TOWERBTX', 'BISONMLKCTO', 'BISONMLKTAA', 'BISONPLUS TOWERBTX', 'BISONPLUSCTO', 'BISONTAA', 'BISONX SFFBTX', 'BISONX SFFBTX OEM', 'BISONX TOWERBTX', 'BISONX TOWERBTX OEM', 'BISONXCTO', 'BISONXCTO OEM', 'BLACK DRUM', 'BLACKBERRY FARM', 'BLACKBIRD', 'BLACKBURNBTX', 'BLACKFISH NONFED', 'BLACKFISHCTO', 'BLACKFISHMFFBTX', 'BLACKFISHMTBTX', 'BLACKFISHSFFBTX', 'BLACKFISHTAA', 'BLACKHAWK 1', 'BLACKSTONE', 'BLACKWELLT3BTX', 'BLACKWELLT4BTX', 'BLACKWELLT4CTO', 'BLACKWOODBDWBTX', 'BLACKWOODSKLBTX', 'BLADE', 'BLADE 2', 'BLADE MULTIPACK', 'BLANCO', 'BLANCO II', 'BLANCO1', 'BLANCO1BTX', 'BLANCO1TAABTX', 'BLAZE', 'BLIND SQUIRREL', 'BLIZZARD', 'BLOT', 'BLOTBTX', 'BLUE MOON', 'BLUEAGAVE AR', 'BLUEAGAVE AR RETAIL', 'BLUEFINAIOBTX', 'BLUEFINAIOCTO', 'BLUEFISH', 'BLUEFISH LL', 'BLUEJAY', 'BLUEJAY1', 'BLUESKULLMTINTELBTX', 'BLUFORD', 'BLUFORD 2', 'BLUFORD 3', 'BLUR', 'BMWZ4', 'BMWZ4 RETAIL', 'BMWZ4BTX', 'BMWZ5 BTX', 'BOB OEM', 'BOLDPEAK2', 'BOLDPEAK2BTX', 'BOLDPEAK2TAA', 'BOLT15C1SPBTX', 'BOLT15C2SPBTX', 'BOLT15WHL1SPBTX', 'BOLT15WHL2SPBTX', 'BOLT15WHLBTX', 'BOLT15WHLCNLBTX', 'BOLTL14BTX', 'BOLTL14CTO', 'BOLTL15BTX', 'BOLTL15CTO', 'BOMBSHELL', 'BOMBSHELLBTX', 'BOMBSHELLOEMRBTX', 'BONDI', 'BONNELL', 'BONSAI BAYTRAIL MBTX', 'BONSAIAMDBTX', 'BONSAIBTX', 'BOOMI LICENSE & 1Y MAINT BI', 'BOOMI PROF SVCS BI', 'BOOMI RENEWALS & PPM BI', 'BORDEAUX', 'BORDEAUX PRNT', 'BORDEAUX PRNT NET', 'BOWFIN', 'BOXSTER', 'BRADLEY', 'BRADLEYBDWBTX', 'BRADLEYHSWBTX', 'BRAN', 'BRAN CS', 'BRAWN', 'BRAWNFC', 'BRAWNFCBTX', 'BRAWNPEBTX', 'BRAWNPLBTX', 'BRAXTON', 'BRAXTON RETAIL', 'BRAZOS', 'BRECKENRIDGE-P15BTX', 'BRECKENRIDGE-P15CTO', 'BRECKENRIDGE-P15TAA', 'BRECKENRIDGE12BTX', 'BRECKENRIDGE12CTO', 'BRECKENRIDGE12TAA', 'BRECKENRIDGE14BTX', 'BRECKENRIDGE14CTO', 'BRECKENRIDGE14TAA', 'BRECKENRIDGE15BTX', 'BRECKENRIDGE15CTO', 'BRECKENRIDGE15TAA', 'BRECKENRIDGEMLK12BTX', 'BRECKENRIDGEMLK12CTO', 'BRECKENRIDGEMLK12TAA', 'BRECKENRIDGEMLK14BTX', 'BRECKENRIDGEMLK14CTO', 'BRECKENRIDGEMLK14TAA', 'BRECKENRIDGEMLK15BTX', 'BRECKENRIDGEMLK15CFLHTAA', 'BRECKENRIDGEMLK15CTO', 'BRECKENRIDGEMLK15TAA', 'BRECKENRIDGEMLKCFLH14BTX', 'BRECKENRIDGEMLKCFLH14CTO', 'BRECKENRIDGEMLKCFLH14TAA', 'BRECKENRIDGEMLKCFLH15BTX', 'BRECKENRIDGEMLKCFLH15CTO', 'BRECKENRIDGEPMLKBTX', 'BRECKENRIDGEPMLKCTO', 'BRECKENRIDGEPMLKTAA', 'BREGUET', 'BREGUET LITE', 'BREITLING XPSZ', 'BREITLING XPSZ BTX', 'BREITLING XPSZ FASTTRACK', 'BREITLING XPSZ RETAIL', 'BRENDALEE', 'BREWERS GOLD', 'BREWSTER', 'BRIDGESTONE MD1400', 'BRIDGESTONE R630', 'BRIDGESTONE R720XD', 'BRIDGESTONE R730XD', 'BRIDGETOWN', 'BRIMSTONE DSG', 'BRISCOE', 'BRISCOE AMT', 'BRISCOE ATG', 'BRISCOE XFR', 'BRISTOL MT', 'BRISTOL MT RETAIL', 'BRISTOL ST', 'BRISTOL ST RETAIL', 'BROCADE G620', 'BROCADE-PE1855-DELL', 'BROCADE-PE1855-UNISYS', 'BROOKHOLLOW14BTX', 'BROOKHOLLOW14CTO', 'BROOKHOLLOW14TAA', 'BROOKHOLLOW15BTX', 'BROOKHOLLOW15CTO', 'BROOKHOLLOW15TAA', 'BROOKHOLLOWPBTX', 'BROOKHOLLOWPCTO', 'BROOKHOLLOWPTAA', 'BROOKLYN', 'BROOKS 15', 'BROOKS 17', 'BROOKS15BTX', 'BROOKS17BTX', 'BRUTUS', 'BRYANT', 'BRYANT 2716', 'BRYANT 2724', 'BRYANT 2748', 'BS14MSCMLBTX', 'BS14VLCMLBTX', 'BS15MSCMLBTX', 'BSERIES', 'BSN BCF SW', 'BSN BCF VM SW', 'BSN BMF SW', 'BSN BMF VM SW', 'BUCKY14AMDBTX', 'BUCKY15AMDBTX', 'BUDDS CREEK', 'BULLDOG', 'BULLHEAD', 'BULLION', 'BULLIT', 'BULOVA PRNT', 'BURGUNDY MLK', 'BURGUNDY MLK DN', 'BURGUNDY MLK REFRESH', 'BURGUNDY MLK REFRESH TAA 110V', 'BURGUNDY MLK REFRESH TAA 220V', 'BURGUNDY MLK TAA 110V', 'BURGUNDY MLK TAA 220', 'BURGUNDY PRINTER', 'BURGUNDY TAA 110V', 'BURGUNDY TAA 220V', 'BUZZ-F', 'BUZZ-Q', 'BUZZ-Q-FDR10', 'BYRD', 'C SERIES', 'C SERIES VIGILANT', 'C1048P', 'C3PO AMD', 'C3PO AMD NT', 'C3PO AMD NT RETAIL', 'C3PO AMD RETAIL', 'C3PO AMD T', 'C3PO AMD T RETAIL', 'C3PO INTEL', 'C3PO INTEL NT', 'C3PO INTEL NT RETAIL', 'C3PO INTEL RETAIL', 'C3PO INTEL T', 'C3PO INTEL T RETAIL', 'C9010', 'CABERNET PRINTER', 'CALCUTTA', 'CALDERA BTX', 'CALYPSO', 'CALYPSO MULTIPACK', 'CAMARO 8132', 'CAMERO 8164', 'CAMEROON', 'CAMEROON 220V', 'CAMEROON TAA 110V', 'CAMEROON TAA 220V', 'CAMPBELL', 'CAPONE CS', 'CAPPUCCINO 2', 'CAPPUCCINO FP', 'CAPPUCCINONEWFASTRACK', 'CARAFE', 'CARDAMOM', 'CARDINAL VS160', 'CARIBOU', 'CARLIN', 'CARNAGECFLG5BTX', 'CARNAGECFLG5CTO', 'CARNAGECFLG7BTX', 'CARNAGECFLG7CTO', 'CARNIVORE', 'CARRERA', 'CARRERA RETAIL', 'CARRERA XPS BTX', 'CARRIER', 'CARRIER 3424P', 'CARRIER 3448', 'CARRIER 3448P', 'CARSON', 'CARTIER', 'CARUSO 14 INTEL ARD', 'CARUSO 14 INTEL ARD BTX', 'CARUSO 14 INTEL ARD FASTTRACK', 'CARUSO 14 INTEL ARD RETAIL', 'CARUSO 14 INTEL HR', 'CARUSO 14 INTEL HR BTX', 'CARUSO 14 INTEL HR RETAIL', 'CARUSO 15 AMD', 'CARUSO 15 AMD RETAIL', 'CARUSO 15 INTEL ARD', 'CARUSO 15 INTEL ARD BTX', 'CARUSO 15 INTEL ARD FASTTRACK', 'CARUSO 15 INTEL ARD RETAIL', 'CARUSO 15 INTEL HR', 'CARUSO 15 INTEL HR BTX', 'CARUSO 15 INTEL HR FASTTRACK', 'CARUSO 15 INTEL HR RETAIL', 'CARUSOMLK14ITLBTX', 'CARUSOMLK15ITLBTX', 'CASPER PRINTER', 'CASPIANBTX', 'CASSINI 13 BTX', 'CASSINI 13 CTO', 'CASSINI 15 BTX', 'CASSINI 15 CTO', 'CASSINI 15 MLK BTX', 'CASSINI 15 MLK CTO', 'CASSINI 17 BTX', 'CASSINI 17 CTO', 'CASSINI 17 MLK BTX', 'CASSINI 17 MLK CTO', 'CASTOR', 'CASTOR RTL', 'CATALYST', 'CATAMOUNT', 'CATFISH', 'CAT_ALL_FAMPAR', 'CAULDRON', 'CAULDRON ESI', 'CAULDRON PE', 'CAYENNE II', 'CAYENNE-D (LV5)', 'CAYENNE-O', 'CAYMAN', 'CEDAR14AMDBTX', 'CEDAR14BDWBTX', 'CEDAR14HSWBTX', 'CEDAR15AMDBTX', 'CEDAR15BAYBTX', 'CEDAR15BDWBTX', 'CEDAR15HSWBTX', 'CEDAR17BDWBTX', 'CEDAR17HSWBTX', 'CELTIC', 'CELTICBTX', 'CELTICCTO', 'CELTICMLKBTX', 'CELTICMLKCTO', 'CELTICMLKTAA', 'CELTICTAA', 'CENTAUR', 'CENTAURI AMD TR BTX', 'CENTAURI AMD TR CTO', 'CENTAURI AMD TR2 BTX', 'CENTAURI AMD TR2 CTO', 'CENTAURI BTX', 'CENTAURI COLFAX  BTX', 'CENTAURI COLFAX CTO', 'CENTAURI CTO', 'CENTAURI SKLX BTX', 'CENTAURI SKLX CTO', 'CENTAURI SKLX2 BTX', 'CENTAURI SKLX2 CTO', 'CENTENARIOBTX', 'CENTENARIOCTO', 'CENTERA SOLUTION_FAMPAR', 'CESIUM C', 'CESIUM CS', 'CESSNIPE CS', 'CHABLIS PRINTER', 'CHABLIS TAA 110V PRINTER', 'CHABLIS TAA 220V PRINTER', 'CHAMELEON', 'CHANNEL CAT-DELL', 'CHARDONNAY', 'CHATHAM', 'CHELSEA', 'CHELSEA NEW AMD', 'CHELSEA NEW AMD RETAIL', 'CHELSEA NEW INTEL AR', 'CHELSEA NEW INTEL AR RETAIL', 'CHELSEA NEW INTEL MV', 'CHELSEA NEW INTEL MV FASTTRACK', 'CHELSEA NEW INTEL MV RETAIL', 'CHELSEA RETAIL', 'CHELSEA15INTELBTX', 'CHENGLONG', 'CHENGLONG RETAIL', 'CHENNAI', 'CHEWIE', 'CHEWIE RETAIL', 'CHILI', 'CHILI RETAIL', 'CHINOOK-DELL', 'CHINOOK-EMC', 'CHOPPER', 'CHROMESOF', 'CHROMIUM CS', 'CHURCHILL', 'CID AMD', 'CID AMD RETAIL', 'CID INTEL', 'CID INTEL RETAIL', 'CINDY LOU', 'CINNAMON', 'CINNAMON RETAIL', 'CINNAMON W REFESH', 'CISCO FEX B22', 'CISCO9124EMC', 'CIVIC', 'CJ', 'CLEARWATER 27 BTX', 'CLEARWATER27CTO', 'CLEARWATER27TAA', 'CLOUD SNAPSHOT MANAGER_FAMPAR', 'CLOUD TIERING APPLIANCE_FAMPAR', 'CLOUDLINK_FAMPAR', 'CLOUDPATH', 'CLOVE', 'CLOVER', 'CLYDESDALE', 'CML PARENT', 'COASTER', 'CODAIOBTX', 'CODAIOCTO', 'COHIBA', 'COHIBA M40', 'COLOMBO', 'COLORADO', 'COLORADOBTX', 'COLORADOMLKBTX', 'COLOSSUS', 'COLOSSUS-HD400_FAMPAR', 'COLOSSUSCML24BTX', 'COLOSSUSCMLEX24BTX', 'COLT', 'COLUMBIA', 'COLUMBUS', 'COLUMBUS12BTX', 'COLUMBUS12BTXTAA', 'COLUMBUS12CTO', 'COLUMBUS12IIBTX', 'COLUMBUS12IICTO', 'COLUMBUS12IITAA', 'COLUMBUS12TAA', 'COMANCHE', 'COMANECI', 'COMET', 'COMISKEY', 'COMODORE', 'COMOROS', 'COMOROSBTX', 'COMPELLENT 3RD', 'CONNECTRIX B-SERIES SOLUTION_FAMPAR', 'CONNECTRIX MDS SOLUTION_FAMPAR', 'CONNECTRIX300B', 'CONNECTRIX6505B', 'CONNECTRIX6510B', 'CONNECTRIX6610B', 'CONNECTRIX6620B', 'CONNECTRIXDCNM91', 'CONNECTRIXDCNM93', 'CONNECTRIXDS6520B', 'CONNECTRIXDS6610B', 'CONNECTRIXMDS9148S', 'CONNECTRIXMDS9396S', 'CONNECTRIXSANNAVBASE', 'CONNECTRIXSANNAVENT', 'CONNECTRIXSANNAVGV', 'CONNERY', 'CONNERY-LITE', 'CONNOLLY', 'CONTAX 5524', 'CONTAX 5524P', 'CONTAX 5548', 'CONTAX 5548P', 'CONTEBDWBTX', 'CONTRA COSTABTX', 'CONTRA COSTACTO', 'CONTRA COSTATAA', 'CONVERSE', 'COOKIE', 'COOPER', 'COOPER CS', 'COOPERSHAWK', 'COOPERSHAWK 110V TAA', 'COOPERSHAWK 220V TAA', 'COPPERHEAD DSG', 'CORAL BTX', 'CORAL CTO', 'CORAL2 BTX', 'CORAL2 CTO', 'CORAL2G BTX', 'CORAL2G CTO', 'CORAL2GKBL BTX', 'CORAL2GKBL CTO', 'CORAL2KBL BTX', 'CORAL2KBL CTO', 'CORINTH11IBTX', 'CORINTHCBTX', 'CORINTHMLKBTX', 'CORINTHMLKCTO', 'CORINTHWBTX', 'CORINTHWCTO', 'CORONA', 'CORONA IOT EDGE', 'CORONA IOT EDGE OEMR', 'CORRETTO', 'CORRETTO RTL', 'CORSEBTX', 'CORSEULTBTX', 'CORSICA', 'CORSICA (OLD)', 'CORTEZ', 'CORVETTE', 'COSMOS', 'COSMOSBTX', 'COSMOSCH', 'COSMOSCHBTX', 'COTTONWOODBDWBTX', 'COTTONWOODBSKLBTX', 'COTTONWOODHSWBTX', 'COTTONWOODSKLBTX', 'COUGAR MICROBTX', 'COUGAR SFFBTX', 'COUGAR TOWERBTX', 'COUGARCTO', 'COUGARMLK MICROBTX', 'COUGARMLK SFFBTX', 'COUGARMLK TOWERBTX', 'COUGARMLKCTO', 'COUGARMLKTAA', 'COUGARTAA', 'CRANE15BTX', 'CRANE15CTO', 'CRANE15TAA', 'CRANE17BTX', 'CRANE17CTO', 'CRANE17TAA', 'CREDSERVER MIG', 'CRESTED BUTTEBTX', 'CRESTED BUTTECTO', 'CRESTED BUTTETAA', 'CRETE MINI', 'CRETE MINI RETAIL', 'CRETE WIRELESS PRINTER', 'CRETE WIRELESS RTL', 'CRIMSON PLUS', 'CRIMSON PLUS RTL', 'CRIMSON PLUS RTLWM', 'CROCKETT', 'CROFT', 'CRONUS', 'CROSSBILL', 'CROSSBONE', 'CROSSFIT2BTX', 'CROSSFIT2CTO', 'CROSSFIT2TAABTX', 'CROSSFIT3BTX', 'CROSSFITBTX', 'CRUSH 630-MX', 'CRUSH 730XD-MX', 'CRUX', 'CRUX RTL', 'CRUYFF', 'CRYSTAL', 'CUB', 'CX400', 'CX600', 'CYCLONE', 'CYPRESS', 'CYPRESS II', 'CYPRESS POINT', 'CYPRESS POINT RETAIL', 'CYPRESSPOINTBTX', 'D1XSELL', 'DAGGER', 'DALI14KBLBTX', 'DALI15KBLBTX', 'DALIAN RETAIL', 'DALIAN WF RETAIL', 'DALMORE 12', 'DALMORE 13', 'DALMORE 14', 'DALMORE 14 LITE', 'DALMORE 15', 'DALMORE ATG', 'DALMORE12BTX', 'DALMORE13BTX', 'DALMORE14BTX', 'DALMORE14SBTX', 'DALMORE15BTX', 'DALMOREATGBTX', 'DANGERFIELD', 'DANTE', 'DANTEST', 'DARTFROGCS', 'DATA COMPUTING APPLIANCE_FAMPAR', 'DAVIS', 'DAWSON', 'DAYTONA', 'DAYTONA FC', 'DCS INFRASTRUCTURE', 'DCS J23 3.5 JBOD', 'DD VE R3 SUBSCRIPTION_FMAPAR', 'DD2200 LEGACY UPGRADE_FAMPAR', 'DD2500 LEGACY UPGRADE_FAMPAR', 'DD3300 SOLUTION_FAMPAR', 'DD4200 LEGACY UPGRADE_FAMPAR', 'DD4500 LEGACY UPGRADE_FAMPAR', 'DD6300 SOLUTION_FAMPAR', 'DD6800 SOLUTION_FAMPAR', 'DD7200 LEGACY UPGRADE_FAMPAR', 'DD9300 SOLUTION_FAMPAR', 'DD9500 SOLUTION_FAMPAR', 'DD9800 SOLUTION_FAMPAR', 'DECATURBTX', 'DEEP CLIFF', 'DEFIANT', 'DEFIANT RETAIL', 'DEFY', 'DEGAS15AMDBTX', 'DEGAS15BYTBTX', 'DEIMOS', 'DEIMOS ALX', 'DEIMOS ALX RETAIL', 'DEIMOS RETAIL', 'DEIMOS VOLTAIRE', 'DEIMOS VOLTAIRE RETAIL', 'DELL 27 MONITOR S2715H', 'DELL CHARGING CART', 'DELL CHARGING CART UM', 'DELL CHARGING CARTS', 'DELL CHROMEBOOKBTX', 'DELL COMPELLENT LEGACY', 'DELL COMPELLENT SERIES 30', 'DELL COMPELLENT SERIES 40', 'DELL DATA PROTECTIONENCRYPTION', 'DELL DATA SECURITY', 'DELL DATA SECURITY ABSCHR', 'DELL DATA SECURITY ABSOLUTE', 'DELL E2414H', 'DELL EMC BOLERO 380', 'DELL EMC BOLERO 380F', 'DELL EMC BOLERO 480', 'DELL EMC BOLERO 480F', 'DELL EMC BOLERO 680', 'DELL EMC BOLERO 680F', 'DELL EMC BOLERO 880', 'DELL EMC BOLERO 880F', 'DELL EMC BOLERO DAE 15', 'DELL EMC BOLERO DAE 25', 'DELL EMC BOLERO DAE 25 AF', 'DELL EMC BOLERO DAE 80', 'DELL EMC BOLERO DAE 80 AF', 'DELL EMC BOLERO RACK DOOR', 'DELL EMC BOLERO RACK DOOR F', 'DELL EMC BOLERO RACK DOOR LK', 'DELL EMC CLOUD FOR MICROSOFT AZURE STACK_FAMPAR', 'DELL EMC SW APOS UPG AF', 'DELL EMC SW APOS UPG H', 'DELL EMC UNITY 300 POC', 'DELL EMC UNITY 300 POC DAE15', 'DELL EMC UNITY 300 POC DAE25', 'DELL EMC UNITY 300 POC DPE 12', 'DELL EMC UNITY 380F_FAMPAR', 'DELL EMC UNITY 380_FAMPAR', 'DELL EMC UNITY 480F_FAMPAR', 'DELL EMC UNITY 480_FAMPAR', 'DELL EMC UNITY 680F_FAMPAR', 'DELL EMC UNITY 680_FAMPAR', 'DELL EMC UNITY 880F_FAMPAR', 'DELL EMC UNITY 880_FAMPAR', 'DELL EMM', 'DELL EMMLIC', 'DELL EMMMAINT', 'DELL EMMPSO', 'DELL MCC MOBILECART', 'DELL MEDICAL REVIEW MON MR2217', 'DELL MEDICAL REVIEW MON MR2416', 'DELL MINI 3', 'DELL MONITOR  SE3218H', 'DELL MONITOR C5519Q', 'DELL MONITOR C7520QT', 'DELL MONITOR D1918H', 'DELL MONITOR D2015HM', 'DELL MONITOR D2216H', 'DELL MONITOR D2719HGF', 'DELL MONITOR D2719HGFR', 'DELL MONITOR D3216H', 'DELL MONITOR D3217H', 'DELL MONITOR D3218HN', 'DELL MONITOR E1715S', 'DELL MONITOR E1916H', 'DELL MONITOR E1916HE', 'DELL MONITOR E1916HL', 'DELL MONITOR E1916HM', 'DELL MONITOR E1916HV', 'DELL MONITOR E2016', 'DELL MONITOR E2016H', 'DELL MONITOR E2016HL', 'DELL MONITOR E2016HM', 'DELL MONITOR E2016HV', 'DELL MONITOR E2216H', 'DELL MONITOR E2216HV', 'DELL MONITOR E2216HVM', 'DELL MONITOR E2218HN', 'DELL MONITOR E2219HN', 'DELL MONITOR E2316H', 'DELL MONITOR E2316HR', 'DELL MONITOR E2318H', 'DELL MONITOR E2318HN', 'DELL MONITOR E2318HR', 'DELL MONITOR E2318HX', 'DELL MONITOR E2414HM', 'DELL MONITOR E2416H', 'DELL MONITOR E2416HM', 'DELL MONITOR E2417H', 'DELL MONITOR E2418HN', 'DELL MONITOR E2715H', 'DELL MONITOR E2715HM', 'DELL MONITOR E5515H', 'DELL MONITOR P1914S', 'DELL MONITOR P1917S', 'DELL MONITOR P2014H', 'DELL MONITOR P2016', 'DELL MONITOR P2016 WOST', 'DELL MONITOR P2017H', 'DELL MONITOR P2018H', 'DELL MONITOR P2213', 'DELL MONITOR P2214H', 'DELL MONITOR P2217', 'DELL MONITOR P2217H', 'DELL MONITOR P2219H', 'DELL MONITOR P2219HC', 'DELL MONITOR P2314H', 'DELL MONITOR P2314T', 'DELL MONITOR P2317H', 'DELL MONITOR P2319H', 'DELL MONITOR P2414H', 'DELL MONITOR P2415Q', 'DELL MONITOR P2416D', 'DELL MONITOR P2417H', 'DELL MONITOR P2418D', 'DELL MONITOR P2418HT', 'DELL MONITOR P2418HZ', 'DELL MONITOR P2418HZM', 'DELL MONITOR P2419H', 'DELL MONITOR P2419HC', 'DELL MONITOR P2715Q', 'DELL MONITOR P2717H', 'DELL MONITOR P2717HC', 'DELL MONITOR P2719H', 'DELL MONITOR P2719HC', 'DELL MONITOR P2815Q', 'DELL MONITOR P3418HW', 'DELL MONITOR S2216H', 'DELL MONITOR S2216M', 'DELL MONITOR S2218H', 'DELL MONITOR S2218M', 'DELL MONITOR S2240T', 'DELL MONITOR S2316H', 'DELL MONITOR S2316M', 'DELL MONITOR S2317HJ', 'DELL MONITOR S2317HWI', 'DELL MONITOR S2318H', 'DELL MONITOR S2318HN', 'DELL MONITOR S2318HX', 'DELL MONITOR S2318M', 'DELL MONITOR S2318NX', 'DELL MONITOR S2319H', 'DELL MONITOR S2319HN', 'DELL MONITOR S2319HS', 'DELL MONITOR S2319NX', 'DELL MONITOR S2415H', 'DELL MONITOR S2417DG', 'DELL MONITOR S2418H', 'DELL MONITOR S2418HN', 'DELL MONITOR S2418HX', 'DELL MONITOR S2418NX', 'DELL MONITOR S2419H', 'DELL MONITOR S2419HGF', 'DELL MONITOR S2419HGFR', 'DELL MONITOR S2419HM', 'DELL MONITOR S2419HN', 'DELL MONITOR S2419NX', 'DELL MONITOR S2716DG', 'DELL MONITOR S2716DGR', 'DELL MONITOR S2718D', 'DELL MONITOR S2718H', 'DELL MONITOR S2718HN', 'DELL MONITOR S2718HX', 'DELL MONITOR S2718NX', 'DELL MONITOR S2719DC', 'DELL MONITOR S2719DGF', 'DELL MONITOR S2719DGFR', 'DELL MONITOR S2719DM', 'DELL MONITOR S2719H', 'DELL MONITOR S2719HN', 'DELL MONITOR S2719HS', 'DELL MONITOR S2719NX', 'DELL MONITOR S2817Q', 'DELL MONITOR S2817QR', 'DELL MONITOR S3219D', 'DELL MONITOR S3220DGF', 'DELL MONITOR S3220DGFR', 'DELL MONITOR SE1918HV', 'DELL MONITOR SE2018HR', 'DELL MONITOR SE2018HV', 'DELL MONITOR SE2216H', 'DELL MONITOR SE2216HM', 'DELL MONITOR SE2216HV', 'DELL MONITOR SE2218HV', 'DELL MONITOR SE2219H', 'DELL MONITOR SE2219HM', 'DELL MONITOR SE2219HX', 'DELL MONITOR SE2416H', 'DELL MONITOR SE2416HM', 'DELL MONITOR SE2416HX', 'DELL MONITOR SE2417HG', 'DELL MONITOR SE2417HGR', 'DELL MONITOR SE2417HGX', 'DELL MONITOR SE2419H', 'DELL MONITOR SE2419HM', 'DELL MONITOR SE2419HR', 'DELL MONITOR SE2419HX', 'DELL MONITOR SE2716H', 'DELL MONITOR SE2717H', 'DELL MONITOR SE2717HR', 'DELL MONITOR SE2717HX', 'DELL MONITOR SE2719H', 'DELL MONITOR SE2719HR', 'DELL MONITOR SE2719HX', 'DELL MONITOR SP2318H', 'DELL MONITOR SP2418H', 'DELL MULTI CLIENT MON P4317Q', 'DELL NETWORKING SOFTWARE', 'DELL S2415H', 'DELL ULTRASHARP U2412M', 'DELL ULTRASHARP U2412MWH', 'DELL ULTRASHARP U2413', 'DELL ULTRASHARP U2414H', 'DELL ULTRASHARP U2414H WOST', 'DELL ULTRASHARP U2415', 'DELL ULTRASHARP U2417H', 'DELL ULTRASHARP U2417H WOST', 'DELL ULTRASHARP U2417HA', 'DELL ULTRASHARP U2417HJ', 'DELL ULTRASHARP U2417HWH', 'DELL ULTRASHARP U2417HWI', 'DELL ULTRASHARP U2419H', 'DELL ULTRASHARP U2419HC', 'DELL ULTRASHARP U2419HS', 'DELL ULTRASHARP U2515H', 'DELL ULTRASHARP U2515HX', 'DELL ULTRASHARP U2518D', 'DELL ULTRASHARP U2518DR', 'DELL ULTRASHARP U2518DX', 'DELL ULTRASHARP U2715H', 'DELL ULTRASHARP U2717D', 'DELL ULTRASHARP U2717DA', 'DELL ULTRASHARP U2717DWH', 'DELL ULTRASHARP U2718Q', 'DELL ULTRASHARP U2718QM', 'DELL ULTRASHARP U2719D', 'DELL ULTRASHARP U2719DC', 'DELL ULTRASHARP U2719DS', 'DELL ULTRASHARP U2917 WOST', 'DELL ULTRASHARP U2917W', 'DELL ULTRASHARP U3219Q', 'DELL ULTRASHARP U3415W', 'DELL ULTRASHARP U3417W', 'DELL ULTRASHARP U3418HW', 'DELL ULTRASHARP U3419W', 'DELL ULTRASHARP U3818DW', 'DELL ULTRASHARP U4919DW', 'DELL ULTRASHARP UP2516D', 'DELL ULTRASHARP UP2715K', 'DELL ULTRASHARP UP2716D', 'DELL ULTRASHARP UP2718Q', 'DELL ULTRASHARP UP2720Q', 'DELL ULTRASHARP UP3017', 'DELL ULTRASHARP UP3017 WOST', 'DELL ULTRASHARP UP3017Q', 'DELL ULTRASHARP UP3017QA', 'DELL ULTRASHARP UP3216Q', 'DELL ULTRASHARP UP3218K', 'DELL ULTRASHARP UZ2315H', 'DELL ULTRASHARP UZ2715H', 'DELL VWORKSPACE', 'DELL VWORKSPACELIC', 'DELL VWORKSPACEMAINT', 'DELL VWORKSPACEPSO', 'DELL WYSE D00DX', 'DELL WYSE D00DXBTX', 'DELL WYSE D10D', 'DELL WYSE D10DBTX', 'DELL WYSE D10DP', 'DELL WYSE D10DPBTX', 'DELL WYSE D90D7', 'DELL WYSE D90D7BTX', 'DELL WYSE P25', 'DELL WYSE P25BTX', 'DELL WYSE T00X', 'DELL WYSE T00XBTX', 'DELL WYSE T10', 'DELL WYSE T10BTX', 'DELL WYSE T50', 'DELL WYSE T50BTX', 'DELL WYSE Z90D7', 'DELL WYSE Z90D7BTX', 'DELLEMC BOLERO RACK DOOR LK F', 'DELPHINIUM', 'DELPHINIUM G', 'DELPHINIUM X', 'DELRAY15BTX', 'DELRAY15CTO', 'DELRAY15TAA', 'DELRAY17BTX', 'DELRAY17CTO', 'DELRAY17TAA', 'DERBY', 'DERBY NX3600', 'DERBY NX3610', 'DESWITCH 16', 'DESWITCH 16-2', 'DESWITCH 16-B2', 'DESWITCH 16M', 'DESWITCH 16M2', 'DESWITCH 32', 'DESWITCH 32-B2', 'DESWITCH 32-M2', 'DESWITCH 64-B', 'DESWITCH 8', 'DESWITCH 8-B2', 'DESWITCH 8-E2', 'DESWITCH FLEXE', 'DESWITCH FLEXM', 'DESWITCH32 FC2', 'DEUCE DELL 150 DUAL', 'DEUCE DELL 150 SINGLE', 'DEUCE SP UPGRADE', 'DEUCE-DELL', 'DEVILS', 'DIAMAS', 'DIAMOND', 'DIAZ A', 'DIAZ A RETAIL', 'DIAZ I', 'DIAZ I RETAIL', 'DIESEL 15', 'DIESEL 17', 'DIESEL15BTX', 'DIESEL17BTX', 'DIM-UMLAUT', 'DIMAGGIO', 'DINO13BDWBTX', 'DINO13BTX', 'DINO13HSWBTX', 'DINO2BTX', 'DINO2MLKBTX', 'DINOMLKBTX', 'DINORBTX', 'DIONYSUS', 'DISCOVERY', 'DISPLAY', 'DLM 8500_FAMPAR', 'DLM2100-DE DUPLICATION_FAMPAR', 'DLM8100 VTE_FAMPAR', 'DOGFISH 3 BTX', 'DOGFISH 3 CTO', 'DOGFISH 9 BTX', 'DOGFISH 9 CTO', 'DOLE', 'DOM', 'DON JULIO CS', 'DOPPELGANGERX6 C', 'DORADO', 'DORADO CELERON', 'DORSETBTX', 'DORSETCTO', 'DOUBLE FLATHEAD', 'DOW', 'DOYLE', 'DPS R3 SUBSCRIPTION_FAMPAR', 'DR4', 'DR4E', 'DR6', 'DR6DSS', 'DRAGON CS', 'DRAX11MLKAMD BTX', 'DRAX13AMD2IN1 BTX', 'DRAX13AMDCS BTX', 'DRAX13CNL2IN1 BTX', 'DRAX13CNLCS BTX', 'DRAXAPLBTX', 'DRAXBSWEDUBTX', 'DRAXBTX', 'DRAXKBLYBTX', 'DRAXSKLYBTX', 'DREADNOUGHT', 'DREADNOUGHT-X', 'DRUID A', 'DRUID CLAW', 'DRUID CLAW RETAIL', 'DRUID I', 'DSG MD1200 EXPANSION', 'DSG MD1400 EXPANSION', 'DSS ENDPOINTASSETS DBAR', 'DSS ENDPOINTASSETS HARDWARE', 'DSS ENDPOINTASSETS SAS', 'DUCATI P BTX', 'DUCATI P CTO', 'DUCATI X BTX', 'DUMAS', 'DUMM', 'DUMMY123', 'DUMMYFAMPAR16', 'DUMMYFAMPAR17', 'DUMMYFAMPAR18', 'DURANGO', 'E SERIES', 'E157FPT', 'E510', 'EAGLE', 'EAGLE FX', 'EAGLE PC', 'EAGLECFLMTBTX', 'EAGLECFLMTCTO', 'EAGLECFLSFFBTX', 'EAGLECFLSFFCTO', 'EAGLELIGHTCFLMTBTX', 'EAGLEPEAKBTX', 'EAGLETON', 'EAGLETON RETAIL', 'EAGLETONBTX', 'EAGLETONMLKBTX', 'EARTHQUAKE', 'EASTMAN', 'EASTMAN III T', 'ECCO', 'ECCO RETAIL', 'ECHO 13 BTX', 'ECHO 13 CTO', 'ECHO 13 MLK BTX', 'ECHO 13 MLK CTO', 'ECHO 15 BTX', 'ECHO 15 CTO', 'ECHO 15 MLK BTX', 'ECHO 15 MLK CTO', 'ECHO 17 BTX', 'ECHO 17 CTO', 'ECHO 17 MLK BTX', 'ECHO 17 MLK CTO', 'ECLIPSE', 'ECS_FAMPAR', 'EDGE CARACALLA', 'EDGE CARACALLA OEM', 'EDGE ST LOUIS', 'EDGE ST LOUIS OEM-R', 'EDISON', 'EGEUS', 'EGEUSBTX', 'EL DORADOBTX', 'EL DORADOCLDBTX', 'EL DORADOCLDCTO', 'EL DORADOCLDTAA', 'EL DORADOCTO', 'EL DORADOEXTBTX', 'EL DORADOEXTCTO', 'EL DORADOEXTTAA', 'EL DORADOTAA', 'EL DORADOTAABTX', 'ELEKTRA', 'ELEMENTDP', 'ELK MICROBTX', 'ELK SFFBTX', 'ELK TOWERBTX', 'ELKCTO', 'ELKMLK MICROBTX', 'ELKMLK SFFBTX', 'ELKMLK TOWERBTX', 'ELKMLKCTO', 'ELKMLKTAA', 'ELKTAA', 'ELOSWPE', 'ELSINORE', 'ELWOOD', 'ELWOOD FASTTRACK', 'ELWOOD RETAIL', 'EMBEDDED BOX CONSTANTINE', 'EMBEDDED BOX CONSTANTINE OEM-R', 'EMBEDDED BOX FORD', 'EMBEDDED BOX FORD OEM-R', 'EMC 3RD', 'EMC CANES_FAMPAR', 'EMC CNTLR FIBRE', 'EMC CNTRL FIBRE UPGRADE', 'EMC CNTRL NAS', 'EMC CNTRL NAS UPGRADE', 'EMC FAMPAR DESC1', 'EMC HBA', 'EMC HUB', 'EMC SWITCH', 'EMERALD', 'EMPEROR', 'ENCHANTER', 'ENDPOINT RECOVERY', 'ENDPOINT SECURITY SUITES', 'ENHANCED', 'ENRICO 14 AMD BZ', 'ENRICO 14 AMD BZ RETAIL', 'ENRICO 14 INTEL HR', 'ENRICO 14 INTEL HR FASTTRACK', 'ENRICO 14 INTEL HR RETAIL', 'ENRICO 15 AMD BZ', 'ENRICO 15 AMD BZ RETAIL', 'ENRICO 15 INTEL AR', 'ENRICO 15 INTEL AR FASTTRACK', 'ENRICO 15 INTEL AR RETAIL', 'ENRICO 15 INTEL HR', 'ENRICO 15 INTEL HR FASTTRACK', 'ENRICO 15 INTEL HR RETAIL', 'ENRICO 15 INTELHRBTX', 'ENRICO 15INTELARBTX', 'ENRICO14AMDBZBTX', 'ENRICO14INTELHRBTX', 'ENRICO15 AMDBZBTX', 'ENRICOMLK14ITLBTX', 'ENRICOMLK14ITLCTO', 'ENRICOMLK14ITLRTL', 'ENRICOMLK15ITLBTX', 'ENRICOMLK15ITLRTL', 'ENTERPRISE DIRECTOR SOLUTION_FAMPAR', 'ENVY', 'EPIC CS', 'EPICV3 CS', 'EQLMULTIPACKFS7500', 'EQUALLOGIC CONV', 'EQUALLOGIC FS7500', 'EQUALLOGIC LEGACY', 'EQUALLOGIC PS4000E', 'EQUALLOGIC PS4000X', 'EQUALLOGIC PS4000XV', 'EQUALLOGIC PS4100', 'EQUALLOGIC PS4110', 'EQUALLOGIC PS4210', 'EQUALLOGIC PS5000E', 'EQUALLOGIC PS5000X', 'EQUALLOGIC PS5000XV', 'EQUALLOGIC PS5500E', 'EQUALLOGIC PS5500X', 'EQUALLOGIC PS5500XV', 'EQUALLOGIC PS6000E', 'EQUALLOGIC PS6000EDC', 'EQUALLOGIC PS6000S', 'EQUALLOGIC PS6000X', 'EQUALLOGIC PS6000XV', 'EQUALLOGIC PS6000XVS', 'EQUALLOGIC PS6010', 'EQUALLOGIC PS6100', 'EQUALLOGIC PS6110', 'EQUALLOGIC PS6210', 'EQUALLOGIC PS6500E', 'EQUALLOGIC PS6500ES', 'EQUALLOGIC PS6500X', 'EQUALLOGIC PS6510', 'EQUALLOGIC PS6610', 'EQUALLOGIC PSM4110', 'EQUINOX', 'EQUINOX2', 'EQUINOX2BTX', 'EQUINOXIIOEMRBTX', 'ERIKSSON14BTX', 'ERIKSSON14CTO', 'ERIKSSON14IIBTX', 'ERIKSSON14IICTO', 'ERIKSSON14IITAA', 'ERIKSSON14TAA', 'ERSA', 'ERVING', 'ESFIVEHUNDREDDP', 'ESFIVEHUNDREDDP BRAZIL', 'ESFIVEHUNDREDINTERACTDP', 'ESFIVEHUNDREDINTERACTDP BRAZIL', 'ESG3RDPARTYSOFTWARE', 'ESGDEPLOYSVC', 'ESGOTHERSVC', 'ESGSUPPSVC', 'ESPRESSO', 'ESTHREETWENTY', 'ESTHREETWENTYUUEYE', 'ESTOQUE', 'ESTOQUEBTX', 'EUCDEPLOYSCV', 'EUCOTHERSVC', 'EUCSUPPSVC', 'EURON', 'EVEREST 6505', 'EVEREST 6510', 'EVEREST 8510', 'EVERESTP3 6520', 'EVERGLADES', 'EVERTON', 'EVERTON RETAIL', 'EVOLUTION', 'EXCALIBUR', 'EXCALIBUR R', 'EXCALIBUR R RTL', 'EXCALIBUR RTL', 'EXOCET DSG', 'EXPANSLER', 'EXPEDITION', 'EXPLORER SPBTX', 'FAITH', 'FALCON', 'FALCON TAA 110V', 'FALCON TAA 220V', 'FALCON WIFI', 'FALCONHEAD2U12', 'FALCONHEAD2U24', 'FAMPAR2', 'FARALLON', 'FARALLON TAA 110V', 'FARALLON TAA 220V', 'FARALLONMTBTX', 'FARALLONMTCTO', 'FARALLONSFFBTX', 'FARALLONSFFCTO', 'FARLEY', 'FARLEY MLKY', 'FARMAN', 'FARMAN RTL', 'FAT TIRE', 'FAT TIRE 32', 'FATBOB', 'FEI DAO', 'FEIDAOBTX', 'FENDER', 'FENDER2', 'FENNEL LITE', 'FENNEL LITE RETAIL', 'FEX B22 DELL', 'FIBRE', 'FIFTEENTENDP', 'FIGTREEBTX', 'FIGTREECTO', 'FIGTREETAA', 'FILA', 'FINCHBTX', 'FINCHCTO', 'FINCHTAA', 'FIRCRESTBTX', 'FIRCRESTCTO', 'FIRELORD14KBLBTX', 'FIRELORD14SKLBTX', 'FIRELORD15KBLBTX', 'FIRELORD15SKLBTX', 'FIRESTAR15CFLHBTX', 'FIRESTAR15KBLHBTX', 'FIRESTARB15CFLHBTX', 'FIRESTONE INTEL NTD', 'FIRESTONE INTEL NTD RETAIL', 'FIRESTONE INTEL NTU', 'FIRESTONE INTEL NTU RETAIL', 'FIRESTONE INTEL TD', 'FIRESTONE INTEL TD RETAIL', 'FIRESTONE INTEL TU', 'FIRESTONE INTEL TU RETAIL', 'FIRESTORM', 'FIREWHEEL', 'FITDP', 'FLASH', 'FLASH 2', 'FLASH 3', 'FLATHEAD', 'FLATIRON', 'FLEMING', 'FLEMING PILOT', 'FLEX PORT 2-E', 'FLEX PORT 2-M', 'FLYING MONKS SCV300', 'FLYING MONKS SCV320', 'FN SERIES', 'FOCUS', 'FOLSOM', 'FOLSOM ADDS', 'FONSECA', 'FONSECA 14', 'FONSECA 14 BLUE', 'FONSECA 15', 'FONSECA 15 BLUE', 'FONZIE PRNT', 'FOOSE 14 AMD', 'FOOSE 14 INTEL', 'FOOSE 15 AMD', 'FOOSE 15 INTEL', 'FOOTBALL 14 AR', 'FOOTBALL 14 AR DFX', 'FOOTBALL 14 MV', 'FOOTBALL 15 AMD', 'FOOTBALL 15 AR', 'FORESTCREEK11I2N1BTX', 'FORESTCREEK11IBTX', 'FORESTCREEK11ICSBTX', 'FORTUNA CS', 'FORTYTHREETWENTYDP', 'FORTYTHREETWENTYDP BRAZIL', 'FORTYTWOTWENTYDP', 'FORTYTWOTWENTYDP BRAZIL', 'FOUR PEAKS CS', 'FOURTEENTENDP', 'FOURTEENTENDP RETAIL', 'FOURTEENTHIRTY', 'FOURTEENTWENTY', 'FOURTENDP', 'FOXGLOVEBTX', 'FREMONT CS', 'FRESNO', 'FRESNOANZ', 'FRESNOARG', 'FRESNOBRZ', 'FRESNOCHL', 'FRESNOEUR1', 'FRESNOEUR2', 'FRESNOEUR3', 'FRESNOEUR4', 'FRESNOEUR5', 'FRESNOFRANZ', 'FRESNOITL', 'FRESNOMEX', 'FRESNOSWI', 'FRESNOTAA', 'FRESNOUKE2', 'FRESNOUKE3', 'FRESNOUSD', 'FRESNOUSDTAA', 'FRESNOUSS', 'FRESNOUSSTAA', 'FRIENDSHIP', 'FRONTIER HI', 'FRONTIER PRINTER', 'FRONTIER REFRESH', 'FRONTIER REFRESH TAA 110V', 'FRONTIER REFRESH TAA 220V', 'FRONTIER TAA 110V PRINTER', 'FRONTIER TAA 220V PRINTER', 'FRSTCRK11BTX', 'FRSTCRK14BTX', 'FRSTCRK14CTO', 'FRSTCRK2IN1BTX', 'FRSTCRKAMDBTX', 'FRSTCRKAMDCTO', 'FS12', 'FS12F1', 'FS12ODM', 'FTIRCS', 'FUJI', 'FUJI EM', 'G5 CS', 'G5JBODFW CS', 'G5MFW CS', 'G5MLKFW CS', 'G5MLKTW CS', 'G5MTW CS', 'G5OFW CS', 'G5OHW CS', 'G5PDU CS', 'G5PTW CS', 'G5TRITON CS', 'G72HW CS', 'G8 DSS FW', 'G8 DSS HW', 'G8 DSSENC', 'G8 DSSJ', 'G8 DSSPDU', 'G8 DSSR', 'G8000 CS', 'G8000 RFU CS', 'G8000PDU CS', 'G82FW CS', 'GAGARIN', 'GALAXY', 'GALAXY SW', 'GALVESTON D', 'GALVESTON DN', 'GALVESTON DN TAA 110V', 'GALVESTON DN TAA 220V', 'GALVESTON HI', 'GALVESTON HI TAA 110V', 'GALVESTON HI TAA 220V', 'GAMBA', 'GAMBITMLKCFLMTBTX', 'GAMBITMLKCFLSFFBTX', 'GAMBITMLKGLKSFFBTX', 'GAMBITMTAPLBTX', 'GAMBITMTKBLBTX', 'GAMBITSFFKBLBTX', 'GAMORA15AMDBTX', 'GAMORA15INTELBTX', 'GAMORA17AMDBTX', 'GAMORA17INTELBTX', 'GANNET', 'GAO', 'GAO OEM', 'GECKO', 'GECKO 2', 'GECKO2', 'GECKO_ISP', 'GENERAL HARDWARE GHE-DELL_FAMPAR', 'GENERAL MT BTX', 'GENERAL SFF BTX', 'GENESIS', 'GENESISBTX', 'GENEVA MT A', 'GENEVA MT A FASTTRACK', 'GENEVA MT A KRYPTONITE', 'GENEVA MT A KRYPTONITE RETAIL', 'GENEVA MT A RETAIL', 'GENEVA MT I HIGH', 'GENEVA MT I HIGH FASTTRACK', 'GENEVA MT I HIGH RETAIL', 'GENEVA MT I LOW', 'GENEVA MT I LOW RETAIL', 'GENEVA MT I LOW2', 'GENEVA MT I LOW2 RETAIL', 'GENEVA ST A', 'GENEVA ST A RETAIL', 'GENEVA ST I HIGH', 'GENEVA ST I HIGH RETAIL', 'GENEVA ST I LOW', 'GENEVA ST I LOW RETAIL', 'GENEVA ST I LOW2', 'GENEVA ST I LOW2 E', 'GENEVA ST I LOW2 E RETAIL', 'GENEVA ST I LOW2 FASTTRACK', 'GENEVA ST I LOW2 RETAIL', 'GHERKIN CS', 'GHOSTRIDER', 'GIBSON', 'GIBSON 110V TAA', 'GIBSON 220V TAA', 'GILBERT', 'GILLIGAN', 'GILLIGAN (OLD)', 'GINGER', 'GINGER DN', 'GIOTTO', 'GIOTTO OEM', 'GIOTTOBTX', 'GLACIER INFRASTRUCTURE', 'GLACIER PB', 'GLACIER TOPSPIN PT UNISYS', 'GLACIER TOPSPIN UNISYS', 'GLADIATOR DSG', 'GLEN HELEN', 'GLENND', 'GLOBAL MANAGEMENT SYSTEM', 'GOA PRINTER', 'GOBLIN', 'GOLDCOAST', 'GOLDEN GATE', 'GOLDEN GATE ATX', 'GOLDEN GATE PLUS', 'GOLDENEYE', 'GOLDFINGER', 'GOLIAD 12', 'GOLIAD 14', 'GOLIAD12BTX', 'GOLIAD14BTX', 'GOLIADMLK12BTX', 'GOLIADMLK12BTXE', 'GOLIADMLK12CTO', 'GOLIADMLK12CTOE', 'GOLIADMLK12TAA', 'GOLIADMLK12TAAE', 'GOLIADMLK14BTX', 'GOLIADMLK14BTXE', 'GOLIADMLK14CTO', 'GOLIADMLK14CTOE', 'GOLIADMLK14TAA', 'GOLIADMLK14TAAE', 'GOODYEARBTX', 'GOODYEARSKLBTX', 'GOSHAWK SMART TAA 110V', 'GOSHAWK SMART TAA 220V', 'GOSHAWKC', 'GOSHAWKS', 'GOTHAM ML3 EXPANSION', 'GOTHAM ML3 LIBRARY', 'GRAF', 'GRAF RETAIL', 'GRAHAM', 'GRAHAM STACKABLE', 'GRAPPLE', 'GRAPPLE DSS', 'GRAPPLEBTX', 'GREAT BELT', 'GREATBEAR MT BTX', 'GREATBEAR MT CBB BTX', 'GREATBEAR MT ICF BTX', 'GREATBEAR ST BTX', 'GREEN', 'GREEN FASTTRACK', 'GREEN LANTERN', 'GREEN LANTERN-J', 'GREEN RETAIL', 'GREEN RTL FAST TRACK BTS', 'GREENLAND', 'GREMLIN', 'GRENACHE PRINTER', 'GREYJOY', 'GREYJOYR', 'GRIFFIN', 'GRIFFINCFLMTDUMMY', 'GRIFFINCFRMTBTX', 'GRISSOM', 'GRISSOM CS', 'GRIZZLY24', 'GRIZZLY24 BTX', 'GRIZZLY24MLK', 'GRIZZLY24MLK BTX', 'GRIZZLY27', 'GRIZZLY27 BTX', 'GRIZZLY27MLK', 'GRIZZLY27MLK BTX', 'GROMIT MLK CS', 'GROSVENOR HI', 'GROSVENOR LITE', 'GROSVENOR MLK D', 'GROSVENOR MLK DN', 'GROSVENOR MLK DN TAA 110V', 'GROSVENOR MLK DN TAA 220V', 'GROSVENOR PRINTER', 'GROSVENOR.NET PRINTER', 'GROSVENOR.NET TAA 110V PRINTER', 'GROSVENOR.NET TAA 220V PRINTER', 'GROUSE DSG', 'GROWLER CS', 'GUADALUPE', 'GUINNESS', 'GULLIT', 'GYRFALCON COLLAB', 'GYRFALCON SMART', 'GYRFALCON SMART TAA 110V', 'GYRFALCON SMART TAA 220V', 'H1000', 'H2O', 'H320', 'H510', 'H9100', 'HABANA (LV5)', 'HABANERO', 'HABANERO RETAIL', 'HADLEY 14BTX', 'HADLEY 15BTX', 'HADLEY 17BTX', 'HADLEY17BDWBTX', 'HALF PENNY BRIDGE L', 'HALF PENNY BRIDGE M', 'HALF PENNY BRIDGE PE', 'HALF PENNY BRIDGE S', 'HALIFAX', 'HALO', 'HALO RETAIL', 'HAMMERHEAD', 'HAMMERHEAD DAT 72', 'HAMMERHEAD LT05', 'HAMMERHEAD LT06', 'HAMMERHEAD LTO2', 'HAMMERHEAD LTO2LC', 'HAMMERHEAD LTO3', 'HAMMERHEAD LTO3HH SAS', 'HAMMERHEAD LTO4', 'HAMMERHEAD LTO4HH SAS', 'HAMMERHEAD LTO7', 'HAMMERHEAD LTO8', 'HAMMERHEAD VS160', 'HANDHELDS', 'HANGZHOU', 'HANKS', 'HANKS 1558 FASTTRACK', 'HANKS FASTTRACK', 'HANKS MLK', 'HANKS MLK AR', 'HANKS MLK AR RETAIL', 'HANKS MLK CF', 'HANKS MLK CF RETAIL', 'HANKS MLK RETAIL', 'HANKS READYSHIP FCG', 'HANKS RETAIL', 'HANNIBAL', 'HARBOURVILLE W', 'HARLEQUIN PRINTER', 'HARMONIA', 'HARPOON SC7020', 'HARR', 'HARRIER P', 'HARVARD', 'HASEK', 'HAWKE', 'HAWKE RED', 'HAWKEYE', 'HAYWIRE', 'HAYWIREBTX', 'HBA', 'HBA-O- E', 'HBA-O- Q', 'HBA-O-E-9802', 'HBA-O-E-9802DC', 'HBA-O-E-982', 'HBA-O-Q-2340', 'HBA-O-Q-2342', 'HEELYS', 'HEIDEN', 'HEINEKEN', 'HELIOS', 'HELIOSBTX', 'HELSINKI', 'HELSINKI MULTIPACK', 'HEPBURN A', 'HEPBURN A RETAIL', 'HEPBURN I', 'HEPBURN I RETAIL', 'HEPBURN MLK', 'HEPBURN MLK RETAIL', 'HERA', 'HERMES', 'HERMESAN', 'HERMESWIN', 'HI-TEC', 'HI-TEC LITE L', 'HIFI', 'HIVEMANAGERNG', 'HOGFISH 14U', 'HORIZON', 'HORIZON OEM', 'HORIZONBTX', 'HORIZONXD', 'HORIZONXD OEM', 'HORIZONXDBTX', 'HORNET PRINTER', 'HORNETT', 'HORTON', 'HORTONWORKS - EMC SELECT_FAMPAR', 'HOTSHOT', 'HOUSTON12BTX', 'HOUSTON12BTXE', 'HOUSTON12CTO', 'HOUSTON12CTOE', 'HOUSTON12TAA', 'HOUSTON12TAAE', 'HOUSTON14BTX', 'HOUSTON14BTXE', 'HOUSTON14CTO', 'HOUSTON14CTOE', 'HOUSTON14TAA', 'HOUSTON14TAAE', 'HOUSTON15BTX', 'HOUSTON15BTXE', 'HOUSTON15CTO', 'HOUSTON15CTOE', 'HOUSTON15TAA', 'HOUSTON15TAAE', 'HUANGPU-', 'HUASHAN', 'HUEY140FP', 'HUEY610', 'HUEY630', 'HUMIDOR CS', 'HUNTER', 'HURRICANE', 'HUSKY', 'HUSKY MLK', 'HUSKY MLK RTL', 'HUSKY MLK.W', 'HUSKY MLK.W RTL', 'HUSKY RTL', 'HUXLEY', 'HYDRA', 'I DEUCE DELL 150I DUAL', 'I DEUCE DELL 150I SINGLE', 'I-ATLAS', 'I-DEUCE SP UPGRADE', 'I-PIRANHA SP UPGRADE', 'I-PIRANHA-DELL', 'I-PIRANHA-EMC', 'IBIZA', 'IBLADE', 'IBLADE 2', 'IC SERIES', 'ICE', 'ICEBTX', 'ICEMANCML27BTX', 'ICON', 'IDEFIX', 'IDITARODBTX', 'IDM', 'IF SERIES', 'IGUANA', 'IMPERIALCTO', 'INDEX ENGINES - EMC SELECT_FAMPAR', 'INDIGO', 'INDY', 'INSIGHT', 'INTEGRATED DATA PROTECTION APPL 5300_FAMPAR', 'INTEGRATED DATA PROTECTION APPL_FAMPAR', 'INTREPID', 'INTREPID 45', 'INTREPID 45 TAA', 'INTREPID TAA', 'IOAGGREGATOR', 'IOT ST LOUIS', 'IOT ST LOUIS OEM-R', 'IPANDORA', 'IPANEMA', 'IPANEMABTX', 'IRIS14BDWBTX', 'IRIS14BSWBTX', 'IRIS14BYTBTX', 'IRIS14KBLBTX', 'IRIS14SKLBTX', 'IRIS15AMDBTX', 'IRIS15BDWBTX', 'IRIS15BSWBTX', 'IRIS15BYTBTX', 'IRIS15KBLBTX', 'IRIS15SKLBTX', 'IRON RANGE ENCLOSURE', 'IRON RANGE NAS', 'IRONCLAD', 'IRONFIST12KBLY BTX', 'IRONHIDE', 'IRONHIDEBTX', 'IRONHIDEOEMRBTX', 'ISILON GEN 6_FAMPAR', 'ISILON NL400_FAMPAR', 'ISILON NL410_FAMPAR', 'ISILON S210_FAMPAR', 'ISILON X200_FAMPAR', 'ISILON X210_FAMPAR', 'ISILON X400_FAMPAR', 'ISILON X410_FAMPAR', 'ISILON_IQACCEL_FAMPAR', 'ITALIABTX', 'ITALIACMLBTX', 'ITALIACMLCTO', 'ITALIACTO', 'ITALIATAA', 'ITALIAWHLBTX', 'ITALIAWHLCTO', 'JABBA', 'JABBA FASTTRACK', 'JABBA RETAIL', 'JACKHAMMER', 'JACKHAMMER C', 'JAGUAR', 'JALAPENO', 'JALPA', 'JALPABTX', 'JANE', 'JANUS14AMDBTX', 'JANUS14BDWBTX', 'JANUS14HSWBTX', 'JANUS15BDWBTX', 'JANUS15HSWBTX', 'JARAMA XPS BTX', 'JASBSW20BTX', 'JASMINEMLKAPLBTX', 'JASMINEMLKKBLBTX', 'JASSKL20BTX', 'JAVA', 'JAVELIN', 'JAVELIN DSG', 'JAYTONBTX', 'JAYTONCTO', 'JAYTONSECUREBTX', 'JAYTONSECURECTO', 'JAYTONSECURETAA', 'JAYTONSECURETAABTX', 'JAYTONSECURETAACTO', 'JAZZ - ROGUE', 'JEANGREY11AMDBTX', 'JEDI13CMLBTX', 'JEDI13WHLBTX', 'JEDI15CMLBTX', 'JEDI15WHLBTX', 'JEDI17CMLBTX', 'JEFFERSONBTX', 'JEFFERSONCTO', 'JET LI MT', 'JET LI MT FASTTRACK', 'JET LI ST', 'JET LI ST FASTTRACK', 'JOLIE', 'JOLIE READYSHIP', 'JOLIE RETAIL', 'JONES 13', 'JONES 13 BTX', 'JONES 13 FASTTRACK', 'JONES 13 RETAIL', 'JORDAN', 'JORDAN 110V TAA', 'JORDAN 110V TAA CAC', 'JORDAN 220V TAA', 'JORDAN 220V TAA CAC', 'JSERIES', 'JULIEANN', 'JUNCTIONBTX', 'JUNCTIONCTO', 'JUNCTIONSECUREBTX', 'JUNCTIONTAA', 'JUNO', 'JUNOBTX', 'K-SWISS', 'K1000L', 'K2', 'K2 ZING', 'K2000L', 'KACE  K3100S', 'KACE  K3100SADV', 'KACE  K3200S', 'KACE  VK3100S', 'KACE  VK3200S', 'KACE ENTERPRISE', 'KACE K1100', 'KACE K1100-ADV', 'KACE K110013G', 'KACE K1100S', 'KACE K1100SADV', 'KACE K1200', 'KACE K120013G', 'KACE K1200S', 'KACE K2100', 'KACE K2100-ADV', 'KACE K210013G', 'KACE K2100S', 'KACE K2100SADV', 'KACE K2200', 'KACE K220013G', 'KACE K2200S', 'KACE M300', 'KACE STANDARD', 'KACE V ENTERPRISE', 'KACE V STANDARD', 'KACE VK1100', 'KACE VK110013G', 'KACE VK1100AMA', 'KACE VK1100S', 'KACE VK1200', 'KACE VK120013G', 'KACE VK1200S', 'KACE VK2100', 'KACE VK210013G', 'KACE VK2100S', 'KACE VK2200', 'KACE VK220013G', 'KACE VK2200S', 'KAIROS', 'KAMINO', 'KAMINO READYSHIP', 'KAMINO RETAIL', 'KAMINOX', 'KAMINOX READYSHIP', 'KAMINOX RETAIL', 'KAPALUA', 'KAPALUA ADDS', 'KATANA', 'KATSIKI', 'KELLY12CTO', 'KELLY12TAA', 'KELLY14CTO', 'KENAN24', 'KENAN48', 'KENCHAS', 'KENTING', 'KENTING FASTTRACK', 'KENTING RETAIL', 'KENWORTH', 'KEPLER', 'KEPLERBTX', 'KERNBTX', 'KERNCLDBTX', 'KERNCLDCTO', 'KERNCLDTAA', 'KERNCTO', 'KERNEXTCTO', 'KERNTAA', 'KEY LARGO', 'KEY WEST', 'KEY WEST BTO', 'KEY WEST FC', 'KEYSTONE11CBTX', 'KEYSTONE11I2N1BTX', 'KEYSTONE11MLKBTX', 'KEYSTONE11MLKCTO', 'KEYSTONE11WBTX', 'KEYSTONE11WCTO', 'KEYSTONE13CBTX', 'KEYSTONE13WBTX', 'KEYSTONE13WCTO', 'KHAN', 'KILLINGTON', 'KING COBRA DSG', 'KINNEY', 'KINNICK', 'KINNICK 6224F', 'KINNICK 6224P', 'KINNICK 6248', 'KINNICK 6248P', 'KINNICK OEM', 'KIRIN', 'KIRKWOOD12BTX', 'KIRKWOOD12CTO', 'KIRKWOOD12TAA', 'KIRKWOOD13BTX', 'KIRKWOOD13CTO', 'KIRKWOOD13TAA', 'KIRKWOODMLK13 BTX', 'KIRKWOODMLK13 CTO', 'KIRKWOODMLK13 TAA', 'KLAMMER', 'KLONDIKE', 'KOBUK', 'KONABRCTO', 'KONAMTBRBTX', 'KONAMTRRBTX', 'KONAMTSRBTX', 'KONARRCTO', 'KONASFFBRBTX', 'KONASFFRRBTX', 'KONASFFSRBTX', 'KONASRCTO', 'KONG', 'KORBEL 14', 'KORBEL 14 FASTTRACK', 'KORBEL 15', 'KORBEL 15 FASTRACK', 'KORBEL14BTX', 'KORBEL15BTX', 'KRAKEN C', 'KRUG 14', 'KRUG 14 MONTEVINA', 'KRUG 15', 'KRUG 15 MONTEVINA', 'KUBLAI', 'KUDROW', 'KUDROW FASTTRACK', 'KUDROW READYSHIP', 'KUDROW RETAIL', 'KVM HIPPOCAMPUS', 'KVM KELPIE 16P', 'KVM KELPIE 8P', 'KYLINBTX', 'KYLINCTO', 'KYLOREN13CSKBLBTX', 'KYLOREN13KBLRBTX', 'KYLOREN13MLKBTX', 'KYLOREN15CSKBLBTX', 'KYLOREN15KBLRBTX', 'KYLOREN15MLKBTX', 'L65', 'LA FERRARI P', 'LA FERRARI PBTX', 'LA FERRARI PTAA', 'LAFERRARIBTX', 'LAFERRARICTO', 'LAFERRARITAA', 'LAFITE', 'LAGUNA', 'LAKE PLACID', 'LAKEWOODBTS', 'LAKEWOODBTX', 'LAKOTA', 'LAKOTADAEFP', 'LANAI', 'LANAI (OLD)', 'LANGORA RETAIL', 'LANIKAI', 'LANIKAI 7', 'LANIKAI AIO', 'LANIKAI MT XL BTX', 'LANIKAI SFF XL BTX', 'LANIKAI7DTBTX', 'LANIKAI7MTBTX', 'LANIKAI7SFBTX', 'LANIKAI7USFBTX', 'LANIKAIAIOBTX', 'LANIKAIAIOEBTX', 'LANIKAIDTBTX', 'LANIKAIMTBTX', 'LANIKAISFBTX', 'LANIKAIUSFBTX', 'LAPAZ', 'LAREDO', 'LATITUDE OAK14', 'LATITUDE OAK14BTX', 'LATITUDE OAK15', 'LATITUDE OAK15BTX', 'LATTE 2', 'LATTE CHANNEL', 'LATTE FP', 'LATTENEWFASTTRACK', 'LAUREL HI DN', 'LAUREL LITE.DN', 'LAUREL LITE.N', 'LAVACA', 'LAVACASWT', 'LEBRON', 'LEBRON 110V TAA', 'LEBRON 110V TAA CAC', 'LEBRON 220V TAA', 'LEBRON 220V TAA CAC', 'LEBRONWIFI', 'LEGEND CS', 'LEIA', 'LEMONGRASS', 'LEVANT', 'LEVANT 110V CAC', 'LEVANT 110V TAA', 'LEVANT 220V CAC', 'LEVANT 220V TAA', 'LEXUS', 'LEXUS SC', 'LIBERTY WF', 'LICORICE', 'LIGHTNING MOBILE', 'LIGHTNING NX1950', 'LILYMTCZBTX', 'LILYMTCZLBTX', 'LILYSFFBTX', 'LIMA', 'LIME FP', 'LINDBERGH', 'LINDBERGH +', 'LIONS GATE', 'LITTLE SUR', 'LITTLESURBTX', 'LITTLESURXLBTX', 'LIVERPOOL', 'LIVERPOOL KRYPTONITE', 'LIVERPOOL RETAIL', 'LIVINGSTONEBTX', 'LIVINGSTONECTO', 'LIVINGSTONEIIBTX', 'LIVINGSTONEIICTO', 'LIVINGSTONEIITAA', 'LIVINGSTONETAA', 'LIVIRENE', 'LOCH NESS', 'LOKI13INTELBTX', 'LOKI15AMDBTX', 'LOKI15INTELBTX', 'LOKI17AMDBTX', 'LOKI17INTELBTX', 'LOKIG15CFLBTX', 'LOKIG17CFLBTX', 'LOKIL14BTX', 'LOKIL14CTO', 'LOKIL15BTX', 'LOKIL15CTO', 'LOLA', 'LOMA HI', 'LOMA HI TAA 110V', 'LOMA HI TAA 220V', 'LONDON', 'LONDON MULTIPACK', 'LONSDALE', 'LOOKINGGLASS', 'LOREN A', 'LOREN A RETAIL', 'LOREN I', 'LOREN I RETAIL', 'LOTTO', 'LOTTO LITE', 'LOTUSMTBTX', 'LOTUSSFFBTX', 'LOVELAND14BBTX', 'LOVELAND14BCTO', 'LOVELAND14SBTX', 'LOVELAND14SCTO', 'LOVELAND15BBTX', 'LOVELAND15BCTO', 'LOVELAND15SBTX', 'LOVELAND15SCTO', 'LOVELL', 'LOW RIDER', 'LTO EXTERNAL DRIVES', 'LTO2-LC', 'LTO3', 'LTO3-060', 'LTO4-080', 'LTO4-100', 'LTO4-120', 'LTO5', 'LTO6', 'LUCY', 'LUKE', 'LUXOR PRINTER', 'LUXOR TAA 110V PRINTER', 'LUXOR TAA 220V PRINTER', 'M510', 'MACALLAN 13', 'MACALLAN 14', 'MACALLAN 15', 'MACALLAN ATG', 'MACALLAN XFR', 'MACALLANXFRBTX', 'MACANUDO', 'MACCHIATO', 'MACCHIATO RTL', 'MACHETE', 'MACK', 'MACNJACK CS', 'MAD DOG CS', 'MADISONVILLEBTBTX', 'MADISONVILLECTBTX', 'MADONE', 'MADONE DSS', 'MADURO', 'MAGELLAN', 'MAGELLAN II', 'MAGELLAN14BTX', 'MAGELLAN14BTXTAA', 'MAGELLAN14CTO', 'MAGELLAN14IIBTX', 'MAGELLAN14IICTO', 'MAGELLAN14IITAA', 'MAGELLAN14TAA', 'MAGICHAT', 'MAGNETO', 'MAGNETO 2', 'MAGNETOCFL27BTX', 'MAGNUM', 'MAINTENANCE VIA WYSE', 'MAKO', 'MALIBU', 'MALLET', 'MALONE', 'MALONE 110V TAA', 'MALONE 110V TAA CAC', 'MALONE 220V TAA', 'MALONE 220V TAA CAC', 'MAMBA DAE', 'MAMBA-F DP', 'MAMBA-F SP', 'MAMBA-I DP', 'MAMBA-I SP', 'MANCHESTER UNITED RETAIL', 'MANILA', 'MANTIS', 'MANUTD MLK', 'MANUTD MLK RTL', 'MANUTD MLK2 RETAIL', 'MAPLE LEAF', 'MAPLE LEAFBTX', 'MAPLE14AMDBTX', 'MAPLE14SKLBTX', 'MAPLE15AMDBTX', 'MAPLE15SKLBTX', 'MAPLEM14BDWBTX', 'MAPLEM14HSWBTX', 'MAPLEM15BDWBTX', 'MAPLEM15HSWBTX', 'MAPLEV14BDWBTX', 'MAPLEV14HSWBTX', 'MAPLEV15BDWBTX', 'MAPLEV15HSWBTX', 'MARBLE FALLS14BTX', 'MARBLE FALLS14CTO', 'MARBLE FALLS15BTX', 'MARBLE FALLS15CTO', 'MARCONI', 'MARGARITA', 'MARGAUX FP', 'MARINER', 'MARINER RETAIL', 'MARINERBTX', 'MARS', 'MASALA', 'MASALA RETAIL', 'MASALA W REFRESH', 'MATADOR', 'MATADOR MLK', 'MATIRA3BTX', 'MATIRA3CTO', 'MATIRA3XLBTX', 'MATIRA3XLCTO', 'MATIRA5BTX', 'MATIRA5CTO', 'MATIRA5XLBTX', 'MATIRA5XLCTO', 'MATIRA7BTX', 'MATIRA7CTO', 'MATIRA7XLBTX', 'MATIRA7XLCTO', 'MAVERICK', 'MAYBACH', 'MAYZIE', 'MCBEAN', 'MCCAVE', 'MCDATA-PE1855-DELL', 'MCDATA-PE1855-UNISYS', 'MCDCHICCC', 'MCDEUREMEA1', 'MCDEUREMEA2', 'MCDEUREMEA3', 'MCDEUREMEA4', 'MCDEUREMEA5', 'MCDUKEMEA3', 'MCDUSCA', 'MCGURK', 'MEDINA', 'MEGATRON', 'MEGATRONBTX', 'MEGATRONOEMRBTX', 'MELBOURNE', 'MERCEDESC14BTX', 'MERCEDESC14CTO', 'MERCEDESC14RTL', 'MERCEDESE15AMDBTX', 'MERCEDESE15AMDCTO', 'MERCEDESE15AMDRTL', 'MERCEDESE15INTELBTX', 'MERCEDESE15INTELCTO', 'MERCEDESE15INTELRTL', 'MERCEDESGLK17BTX', 'MERCEDESGLK17CTO', 'MERCEDESGLK17RTL', 'MERCEDESSLK13BTX', 'MERCEDESSLK13CTO', 'MERCEDESSLK13RTL', 'MERIDIANBTX', 'MERION13BTX', 'MERION13CTO', 'MERION13TAA', 'MERION14BTX', 'MERION14CTO', 'MERION14TAA', 'MERLIN', 'MERLOT', 'MESSI', 'METALLICA', 'METALLICAX6 DSS', 'METALLICAX6 SOS', 'METEOR', 'METIX6 DH CS', 'METIX6 SH CS', 'MEXICO CITY', 'MGD', 'MIB', 'MICHELINBTX', 'MICRO MDC', 'MICROMDC CS', 'MIDAS', 'MIDAS P4', 'MIDLAND64BTX', 'MIDLANDBTX', 'MIDLANDCTO', 'MIKKELSEN', 'MIKKELSEN FASTTRACK', 'MIKKELSEN RETAIL', 'MILKHA', 'MILKHA RETAIL', 'MILKY WAY', 'MILKY WAY FASTTRACK', 'MILKY WAY RETAIL', 'MILLENNIUM', 'MILLENNIUM BTX', 'MILLER', 'MIMOSA', 'MIMOSA RTL', 'MIMOSABSWBTX', 'MIMOSACRZLBTX', 'MIMOSAKBLBTX', 'MIMOSASKLBTX', 'MING', 'MINI COOPER', 'MINORITY REPORT', 'MINT', 'MIRAGE', 'MIRAGE APOS', 'MIRAGE12', 'MIRAGE12 EXP', 'MIRAGE24', 'MIRAGE24 EXP', 'MIRAGE84', 'MIRAGE84 EXP', 'MIRAMAR 15', 'MIRAMAR 15BTX', 'MIRAMAR 15TAA', 'MIRAMAR 17', 'MIRAMAR 17BTX', 'MIRAMAR 17TAA', 'MIRANDA', 'MISSION HILLS MLK', 'MISSION HILLS MLK BTX', 'MISSION HILLS MLK MT FASTTRACK', 'MISSION HILLS MLK RETAIL', 'MISSION HILLS MT', 'MISSION HILLS MT FASTTRACK', 'MISSION HILLS MT RETAIL', 'MISSION HILLS ST', 'MISSION HILLS ST FASTTRACK', 'MISSION HILLS ST MLK', 'MISSION HILLS ST RETAIL', 'MISSISSAUGA', 'MISSYTEST', 'MITHRIL CS', 'ML6000 EM LTO3', 'ML6010 CM LTO3', 'ML6010 CM LTO4', 'ML6010CM LTO5', 'ML6010CM LTO6', 'ML6010CM LTO7', 'ML6020 CM LTO3', 'ML6030 CM LTO3', 'MOBILE INDIA', 'MODENABTX', 'MODENACTO', 'MOJAVE', 'MOJO', 'MOLOKAI', 'MOLOKAI 2', 'MOLOKAI W', 'MONACO', 'MONACO RETAIL', 'MONACO RSS', 'MONADO PRINTER', 'MONADO R PRINTER', 'MONADO R RTL PRINTER', 'MONADO RTL PRINTER', 'MONADO W', 'MONADO WR', 'MONADO WRTL', 'MONARCH', 'MONDEO', 'MONET14SKLBTX', 'MONETENDP', 'MONETENDP BRAZIL', 'MONGOOSE ULTRABTX', 'MONGOOSE ULTRACTO', 'MONGOOSE ULTRACTOWCD', 'MONITOR2', 'MONITOR3', 'MONITOR4', 'MONITORS', 'MONITORS VIA WYSE', 'MONITORS1', 'MONSTER1BTX', 'MONSTER2BTX', 'MONTE CARLO', 'MONTREAL EC', 'MONTREAL HA', 'MONZA', 'MOONRAKER', 'MORMONT CS', 'MORSE', 'MORSE LITE', 'MOSAIC', 'MOSAIC-LITE', 'MOSIACP4', 'MOSPORT', 'MOSPORT MLK', 'MOTEGI 20 FIXED', 'MOTEGI RED 20 FIXED A2010', 'MOTTS', 'MOVADO', 'MP-3 PLAYERS', 'MSB7000', 'MSX6000', 'MULDER', 'MULLET', 'MULLETBTX', 'MULTIPACK', 'MUMMY', 'MUMMY II', 'MUNICH', 'MURCIELAGO ULT BTX', 'MURCIELAGO XPS BTX', 'MURPHY', 'MURRAY', 'MUSTANG', 'MX5108N', 'MX7116N', 'MX9116N', 'MXG610S', 'MXLMODULE', 'MYSTIQUECFL24BTX', 'N1008', 'N1008P', 'N1024', 'N1024P', 'N1048', 'N1048P', 'N1100', 'N1108', 'N1108EP', 'N1108P', 'N1124', 'N1124P', 'N1148', 'N1148P', 'N1524', 'N1524P', 'N1548', 'N1548P', 'N1608PX', 'N1608X', 'N1616PX', 'N1616X', 'N1624PX', 'N1624X', 'N1648PX', 'N1648X', 'N2024', 'N2024P', 'N2048', 'N2048P', 'N2100', 'N2124PX', 'N2224PX', 'N2224X', 'N2248PX', 'N2248X', 'N3024', 'N3024EF', 'N3024EP', 'N3024ET', 'N3024F', 'N3024P', 'N3048', 'N3048EP', 'N3048ET', 'N3048P', 'N3100', 'N3124PX', 'N3208PX', 'N3224F', 'N3224P', 'N3224PX', 'N3224T', 'N3224X', 'N3248', 'N3248P', 'N3248PXE', 'N3248TE', 'N3248X', 'N3LOKI14CBTX', 'N3LOKI14CNBBTX', 'N3LOKI14GLKBTX', 'N3LOKI14ICLBTX', 'N3LOKI14ICLSBTX', 'N3LOKI14KBLBTX', 'N3LOKI14WHLCNLBTX', 'N3LOKI15AMDBTX', 'N3LOKI15CBTX', 'N3LOKI15CNBBTX', 'N3LOKI15GLK1SPBTX', 'N3LOKI15GLKBTX', 'N3LOKI15ICLBTX', 'N3LOKI15ICLSBTX', 'N3LOKI15KBL1SPBTX', 'N3LOKI15KBL2SPBTX', 'N3LOKI15SBTX', 'N3LOKI15WHLCNL1SPBTX', 'N3LOKI15WHLCNL2SPBTX', 'N3LOKI17AMDBTX', 'N3LOKI17CBTX', 'N3LOKI17GLKBTX', 'N3LOKI17ICLSBTX', 'N3LOKI17KBLBTX', 'N3LOKI17WHLCNLBTX', 'N4032', 'N4032F', 'N4064', 'N4064F', 'N508', 'N508P', 'N524', 'N524P', 'N548', 'N548P', 'N5BUCKY14 BTX', 'N5BUCKY14CBTX', 'N5BUCKY15 BTX', 'N5LOKI14CMLBTX', 'N5LOKI14ICLBTX', 'N5LOKI15CMLBTX', 'N5LOKI15ICLBTX', 'N5MANTIS14BTX', 'N5MANTIS14CBTX', 'N5MANTIS15BTX', 'N5MANTIS15CBTX', 'N5WASP13CMLBTX', 'N5WASP13WHLBTX', 'N7WASP13CMLBTX', 'N7WASP13WHLBTX', 'NADIA', 'NAGANO', 'NAPA', 'NAS-PASS THROUGH', 'NASH', 'NASH 110V TAA', 'NASH 110V TAA CAC', 'NASH 220V TAA', 'NASH 220V TAA CAC', 'NASSAU', 'NAUTILUS', 'NAVASOTA', 'NEBULAN7ALBTX', 'NEBULAN7MGALBTX', 'NEBULAV7ALBTX', 'NEGRIL', 'NEGRILBTX', 'NEGRILXLBTX', 'NEMESIS', 'NEON', 'NETVAULT', 'NEW 1', 'NEW BALANCE', 'NEW RIVER GORGE', 'NEWPORT', 'NEWT', 'NEWT SC', 'NEXUS', 'NEYLAND', 'NFV READY BUNDLE VMWARE', 'NICHOLS', 'NICHOLS RETAIL', 'NICHOLS XPS', 'NICHOLS XPS MLK', 'NICHOLS XPS MLK RETAIL', 'NICHOLS XPS RETAIL', 'NIGHTCRAWLERBTX', 'NIGHTHAWK', 'NIKE N', 'NIMITZ', 'NIMOY RETAIL', 'NIMOY XPS', 'NIMOY XPS FASTTRACK', 'NIMOY XPS MLK', 'NIMOY XPS MLK FASTTRACK', 'NIMOY XPS MLK RETAIL', 'NIMOY XPS RETAIL', 'NINJA', 'NIRVANA 13', 'NIRVANA 13 INTEL FASTTRACK', 'NIRVANA 13 RETAIL', 'NIRVANA 14', 'NIRVANA 14 AMD', 'NIRVANA 14 AMD FASTTRACK', 'NIRVANA 14 AMD RETAIL', 'NIRVANA 14 INTEL FASTTRACK', 'NIRVANA 14 RETAIL', 'NIRVANA 15', 'NIRVANA 15 AMD', 'NIRVANA 15 AMD FASTTRACK', 'NIRVANA 15 AMD RETAIL', 'NIRVANA 15 INTEL FASTTRACK', 'NIRVANA 15 RETAIL', 'NIRVANA 17', 'NIRVANA 17 INTEL FASTTRACK', 'NIRVANA 17 RETAIL', 'NIRVANA CS', 'NIRVANA13INTELBTX', 'NIRVANA14AMDBTX', 'NIRVANA14INTELBTX', 'NIRVANA15AMDBTX', 'NIRVANA15INTELBTX', 'NIRVANA17INTELBTX', 'NIRVANA98 CS', 'NIRVANACH98 CS', 'NIRVANAG CS', 'NIRVANAK CS', 'NIRVANAS CS', 'NISSIBTX', 'NISSICTO', 'NISSITAA', 'NISSIXBDWBTX', 'NISSIXHSWBTX', 'NITROGEN CS', 'NOBLE IB SWITCH', 'NOBLE IB SWITCH MEL', 'NOBLE IB SWITCH MEL APOS', 'NOBLE INFRASTRUCTURE', 'NORAH 13Z', 'NORAH 13Z BTX', 'NORAH 13Z RETAIL', 'NORTH SHORE', 'NORTH SHORE OEM', 'NORTHBAY13BTX', 'NORTHBAY13CTO', 'NORTHBAY13TAA', 'NORTHBAY14BTX', 'NORTHBAY14CTO', 'NORTHBAY14TAA', 'NORTHBAY15BTX', 'NORTHBAY15CTO', 'NORTHBAY15TAA', 'NORTHBAYKBLR14BTX', 'NORTHBAYKBLR14CTO', 'NORTHBAYKBLR14TAA', 'NORTHBAYPBTX', 'NORTHBAYPCTO', 'NORTHBAYPTAA', 'NOVAL', 'NSA 2600', 'NSA 2650', 'NSA 3600', 'NSA 3650', 'NSA 4600', 'NSA 4650', 'NSA 5600', 'NSA 5650', 'NSA 6600', 'NSA 6650', 'NSX', 'NUCELON COI CS', 'NUCLEON FH CS', 'NUCLEON FHM CS', 'NUCLEON NMDH CS', 'NUCLEON NMNJ CS', 'NUCLEON NMSH CS', 'NUCLEON SC CS', 'NUCLEON WCS CS', 'NUCLEON WCSRC CS', 'NUCLEONCF CS', 'NUCLEONCH CS', 'NUCLEONPLF CS', 'NUCLEONPLFI CS', 'NUCLEONPLH CS', 'NUCLEONSF CS', 'NUCLEONTF CS', 'NUCLEONUF CS', 'NUCLEONUH CS', 'NUCLEONUHINF CS', 'NUCLEONWF CS', 'NUTANIX XC430', 'NUTANIX XC430 EXPRESS', 'NUTANIX XC630', 'NUTANIX XC6300', 'NUTANIX XC6320', 'NUTANIX XC640 CORE', 'NUTANIX XC640 ENT', 'NUTANIX XC640 XPR', 'NUTANIX XC6400 CORE', 'NUTANIX XC6400 ENT', 'NUTANIX XC6420 CORE', 'NUTANIX XC6420 ENT', 'NUTANIX XC720XD', 'NUTANIX XC730', 'NUTANIX XC730XD', 'NUTANIX XC730XD EXPRESS', 'NUTANIX XC740 ENT', 'NUTANIX XC740XD CORE', 'NUTANIX XC740XD ENT', 'NUTANIX XC740XD XPR', 'NUTANIX XC940 CORE', 'NUTANIX XC940 ENT', 'NUTANIX XCDP', 'NUTANIX XCSW', 'OAK BLUFFS V 740XD', 'OAK BLUFFS V C6420', 'OAK14AMDBTX', 'OAK15AMDBTX', 'OAK15BYTBTX', 'OAK17AMDBTX', 'OAKM14HSWBTX', 'OAKM14IVBBTX', 'OAKM14IVBCTO', 'OAKM14IVBRTL', 'OAKM15HSWBTX', 'OAKM15IVBBTX', 'OAKM17HSWBTX', 'OAKM17IVBBTX', 'OAKMONT14BTX', 'OAKMONT14CTO', 'OAKMONT14TAA', 'OAKV14HSWBTX', 'OAKV14IVBBTX', 'OAKV14IVBCTO', 'OAKV14IVBRTL', 'OAKV15BAYBTX', 'OAKV15HSWBTX', 'OAKV15IVBBTX', 'OAKV17HSWBTX', 'OAKV17IVBBTX', 'OBELIX', 'OBITWO', 'OBIWAN', 'OBIWAN RETAIL', 'OBSOLETE SYSTEMS 5', 'ODINSNIPER CS', 'ODINX6 C', 'ODYSSEY', 'ODYSSEYF', 'ODYSSEYFPEBTX', 'ODYSSEYPEBTX', 'ODYSSEYPLBTX', 'OLYMPIC', 'OLYMPIC RETAIL', 'OLYMPICBTX', 'OMC', 'OMEGA PRINTER', 'OMEGAPRIME14CMLBTX', 'OMIM', 'ONCELER', 'ONTARIOAMDBTX', 'ONTARIOBSWBTX', 'ONTARIOMLKBTX', 'ONYX', 'OOLONG TEA FP', 'OPAL', 'ORANGEBTX', 'ORANGECTO', 'ORANGETAA', 'ORCA', 'ORCA DSSXL', 'ORCA S', 'ORCA S DSSXL', 'ORCAMD24BTX', 'ORCBSW24BTX', 'ORCHID', 'ORCHIDMLKAPLBTX', 'ORCHIDMLKKBLBTX', 'ORCSKL24BTX', 'OREGANO', 'OREGANO RETAIL', 'OREGANO WIFI', 'OREGANO WIFI RETAIL', 'ORION', 'ORION RTL', 'ORION15 BTX', 'ORION15 CTO', 'ORION17 BTX', 'ORION17 CTO', 'OSLO', 'OSPREY', 'OWENS', 'OWL', 'OXKAR', 'OXKAR WF', 'P2712HW', 'P300', 'P300PAIR', 'PACINO A', 'PACINO A RETAIL', 'PACINO I', 'PACINO I RETAIL', 'PACINO MLK', 'PACINO MLK RETAIL', 'PAINT 16 PORT', 'PAINT 8 PORT', 'PALMBEACH', 'PALMBEACH AIO', 'PALMBEACH AIO BTX', 'PALMBEACH MLK', 'PALMBEACHMLKDTBTX', 'PALMBEACHMLKMTBTX', 'PALMBEACHMLKSFBTX', 'PALPATINE MT', 'PALPATINE MT FASTTRACK', 'PALPATINE MT RETAIL', 'PALPATINE ST', 'PALPATINE ST FASTTRACK', 'PALPATINE ST RETAIL', 'PALTROW', 'PALTROW AR', 'PALTROW AR RETAIL', 'PALTROW CL', 'PALTROW CL RETAIL', 'PALTROW READYSHIP', 'PALTROW RETAIL', 'PALUXY', 'PANAMERA', 'PANAMERA MLK BTX', 'PANAMERA RETAIL', 'PANAMERA XPS BTX', 'PANDORA', 'PANDORA14BDWBTX', 'PANDORA14HSWBTX', 'PANDORA15HSWBTX', 'PANDORA15SKLBTX', 'PANDORA3AMDBTX', 'PANDORA3KBLBTX', 'PANERAI XPSZ', 'PANERAI XPSZ FASTTRACK', 'PANERAI XPSZ RETAIL', 'PAPAS RETAIL', 'PAPAS WIRELESS RETAIL', 'PAPRIKA', 'PARATY', 'PARATY RETAIL', 'PARIS', 'PARIS LITE', 'PARKCITY-P15BTX', 'PARKCITY-P15CTO', 'PARKCITY-P15TAA', 'PARKCITY12BTX', 'PARKCITY12CTO', 'PARKCITY12TAA', 'PARKCITY14BTX', 'PARKCITY14CTO', 'PARKCITY14TAA', 'PARKCITY15BTX', 'PARKCITY15CTO', 'PARKCITY15TAA', 'PARKER', 'PASTEUR', 'PATHFINDER', 'PATRON', 'PATRONBTX', 'PCM FOR ECS E3000 DUAL NODE_FAMPAR', 'PCM FOR ECS EX3000 SINGLE NODE_FAMPAR', 'PCM FOR ECS EX300_FAMPAR', 'PE MULTIPACK', 'PE SC MULTIPACK', 'PEARLBTX', 'PEARLCTO', 'PEARLXLBTX', 'PEARLXLCTO', 'PEBBLE', 'PEBBLE BEACH', 'PEBBLE BEACH FASTTRACK', 'PEBBLE BEACH RETAIL', 'PEBBLE CREEKBTX', 'PEBBLE CREEKCTO', 'PEBBLE CREEKMLKBTX', 'PEBBLE CREEKMLKCTO', 'PEBBLE CREEKMLKTAA', 'PEBBLE CREEKTAA', 'PEBBLEBEACHBTX', 'PEC MULTIPACK', 'PEGASUS', 'PEJU', 'PELE', 'PENFOLDS', 'PENFOLDSBTX', 'PENMARABTX', 'PENSACOLA', 'PERIPHERALS VIA WYSE', 'PERRY', 'PERRY READYSHIP', 'PERRY RETAIL', 'PHANTOM', 'PHANTOM AR', 'PHANTOM AR FASTTRACK', 'PHANTOM AR RETAIL', 'PHANTOM MLK', 'PHANTOM MLK FASTTRACK', 'PHANTOM MLK RETAIL', 'PHANTOM RETAIL', 'PHELPS CF', 'PHELPS CF RETAIL', 'PHELPS MLK AR', 'PHELPS MLK AR FASTTRACK', 'PHELPS MLK AR RETAIL', 'PHELPS MLK CF', 'PHELPS MLK CF RETAIL', 'PHELPS MV', 'PHELPS MV RETAIL', 'PHISH', 'PHOBOS', 'PHOBOS ALX', 'PHOBOS ALX RETAIL', 'PHOBOS RETAIL', 'PHOENIX', 'PHOENIX 2', 'PHOENIX 2 CELERON', 'PHOENIX CELERON', 'PHOENIX-4500C', 'PHOENIX-6000', 'PHOENIXBTX', 'PHOENIXCTO', 'PHOENIXKBLBTX', 'PHOENIXKBLCTO', 'PHOENIXWSBTX', 'PHOENIXWSCTO', 'PHRIZBEE', 'PINE CREST', 'PINEHILLSBTX', 'PINEHILLSCTO', 'PINEHURST', 'PINEHURST READYSHIP', 'PINEHURST RETAIL', 'PINEVALLEY', 'PINEVALLEY RETAIL', 'PINEVALLEYBTX', 'PINK PANTHER', 'PINKP', 'PIONEER', 'PIONEER OEM', 'PIONEERBTX', 'PIRANHA-DELL', 'PIRELLIBTX', 'PITBULL', 'PIVOTAL APP SUITE SUBSCRIPTION_FAMPAR', 'PIVOTAL CLOUD FOUNDRY SUBSCRIPTION_FAMPAR', 'PIVOTAL CONTAINER SERVICE SUBSCRIPTION_FAMPAR', 'PKITTY', 'PLANOBBTX', 'PLANOBCTO', 'PLANOMBTX', 'PLANOMCTO', 'PLASMA', 'PLASMABTX', 'PLATINUM', 'PLATINUM C', 'PLUTO NAS', 'PLUTONIUM', 'PLUTONIUM CS', 'PLUTOSNIPE CS', 'POBLANO', 'POCONO', 'POITIER', 'POITIER CLARKFIELD', 'POITIER CLARKFIELD RETAIL', 'POITIER FASTTRACK', 'POITIER MLK AR', 'POITIER MLK AR RETAIL', 'POITIER MV', 'POITIER MV RETAIL', 'POITIER RETAIL', 'POLARIS', 'POLLUX', 'POLLUX RTL', 'POMPANO', 'POMPANO OEM', 'PONG', 'PONG ADDS', 'POPEYE PRINTER', 'POPPY24BTX', 'PORT MLK PRINTER', 'PORT PRNT', 'PORTO', 'POTOMACBTX', 'POTOMACCTO', 'POTOMACTAA', 'POUNCE', 'POUNCEPORT', 'POWERMAX 2000_FAMPAR', 'POWERMAX 8000_FAMPAR', 'POWERPROTECT X400 APPLIANCE_FAMPAR', 'PPRINCETON', 'PRED', 'PREDATOR', 'PREDSW', 'PRINCEVILLE', 'PRINCEVILLE RETAIL', 'PRINCEVILLEBTX', 'PRINTER ALL IN ONE', 'PROSUPP', 'PROSUPP VMS', 'PROWL', 'PROWL DSS', 'PROWL OEM', 'PRYCE', 'PRYCE FASTTRACK', 'PRYCE RETAIL', 'PS4210BTX', 'PSI AVAMAR G4S MULTI_FAMPAR', 'PSI ECS-G5_FAMPAR', 'PSI FOR DD2200_FAMPAR', 'PSI FOR DD2500_FAMPAR', 'PSI FOR DD4200_FAMPAR', 'PSI FOR DD4500_FAMPAR', 'PSI FOR DD7200_FAMPAR', 'PSI FOR VG2_FAMPAR', 'PSI FOR VNX 5100_FAMPAR', 'PSI FOR VNX 5300_FAMPAR', 'PSI FOR VNX 7500_FAMPAR', 'PSI FOR VNX 8000_FAMPAR', 'PSI FOR VNX-E 3200_FAMPAR', 'PSI FOR VNXE 3150_FAMPAR', 'PSI GP DCA CAP 34 RACK_FAMPAR', 'PSI VMAX 20K SYS_FAMPAR', 'PSI VMAX 40K SYS_FAMPAR', 'PSI VMAX SP SYS_FAMPAR', 'PSI VMAX2 SYS_FAMPAR', 'PSI VNX 5500_FAMPAR', 'PUFFIN', 'PUFFIN 12G', 'PUFFIN SW', 'PUFFINT', 'PUMA PV', 'PUNCH', 'PUNISHERAMD22BTX', 'PUNISHERAMD24BTX', 'PUNISHERCML22BTX', 'PUNISHERKBL22BTX', 'PUNISHERKBL24BTX', 'PUNISHERWHL22BTX', 'PUNISHERWHL24BTX', 'PUSB HUB', 'PV APPLIANCE', 'PV AUTOLOADER TAPE', 'PV CNTRL FIBRE', 'PV CNTRL NAS', 'PV DPS', 'PV EMC DAE', 'PV EXTERNAL TAPE DRIVE', 'PV HBA', 'PV HUEY', 'PV JBOD ARRAYS', 'PV JBOD FIBRE', 'PV JBOD NAS', 'PV LIBRARY TAPE', 'PV SWITCH', 'PVMULTIPACKNX3500', 'QIAOHONG', 'QIAOHONG READYSHIP', 'QIAOHONG RETAIL', 'QUARK C', 'QUARK CS', 'QUASAR', 'QUEEN 13', 'QUEEN 13 RETAIL', 'QUEEN 14 AL', 'QUEEN 14 AL BTX', 'QUEEN 14 AL RETAIL', 'QUEEN 14 AMD', 'QUEEN 14 AMD RETAIL', 'QUEEN 14 INTEL', 'QUEEN 14 INTEL FASTTRACK', 'QUEEN 14 INTEL RETAIL', 'QUEEN 15 AMD', 'QUEEN 15 AMD RETAIL', 'QUEEN 15 INTEL', 'QUEEN 15 INTEL FASTTRACK', 'QUEEN 15 INTEL RETAIL', 'QUEEN 17', 'QUEEN 17 FASTTRACK', 'QUEEN 17 RETAIL', 'QUEEN14AMDBTX', 'QUEEN14INTELBTX', 'QUEEN15AMDBTX', 'QUEEN15INTELBTX', 'QUEEN17INTELBTX', 'QUEST  RENEWALS & PPM SERV', 'QUEST  RENEWALS & PPM STOR', 'QUEST LICENSE & 1Y MAINT BI', 'QUEST LICENSE & 1Y MAINT SEC', 'QUEST LICENSE & 1Y MAINT SERV', 'QUEST LICENSE & 1Y MAINT STOR', 'QUEST PROF SVCS BI', 'QUEST PROF SVCS SEC', 'QUEST PROF SVCS SERV', 'QUEST PROF SVCS STOR', 'QUEST RENEWALS & PPM BI', 'QUEST RENEWALS & PPM SEC', 'QUEST RENEWALS AND PPM', 'QUICKSILVER', 'QUICKSILVER MLK', 'QUICKSILVER MLK READYSHIP', 'QUICKSILVER MLK RETAIL', 'QUICKSILVER RETAIL', 'QVIPER CS', 'R2D2', 'R2D2 NT', 'R2D2 NT RETAIL', 'R2D2 RETAIL', 'R2D2 T', 'R2D2 T RETAIL', 'R310', 'R320', 'R440', 'R510', 'R610', 'R640', 'R710', 'R720', 'R730', 'R740XD', 'RACK 2000', 'RACK 2000 UNISYS', 'RACK 2000H', 'RACK 2008 OEM', 'RACK CS', 'RACK NOKOTA 40U', 'RACK NOKOTA 46U', 'RACK-AX4-BRAZIL', 'RACK2000 INFOLIBRI', 'RACK2008', 'RADO', 'RADONX6 C', 'RAFFLES', 'RAINIER', 'RANDALL', 'RANGER', 'RANGER RETAIL', 'RANGERBTX', 'RANI AMD', 'RANI AMD RETAIL', 'RAPSON', 'RAPSON MLK', 'RAPSON PR', 'RAPSON RTL', 'RAPTOR PRINTER', 'RAPTOR RTL', 'RATCHET', 'RATCHET OEM', 'RATCHETBTX', 'RATCHETOEMRBTX', 'RATCHETOEMXLBTX', 'RAVEN', 'RAVEN II', 'RAZOR', 'RAZOR 2', 'RAZOR 2 CISCO', 'READ MADRID', 'REBEL-DELL', 'REBEL-EMC', 'RECOVERPOINT FOR VM SUBSCRIPTION_FAMPAR', 'RECOVERPOINT_FAMPAR', 'RED DRUM', 'RED STAR WMS', 'REDDING MT A', 'REDDING MT A RETAIL', 'REDDING MT I', 'REDDING MT I RETAIL', 'REDSKULL2AMDBTX', 'REDSKULLMTAMDBTX', 'REDWOOD', 'REDWOODBBSWBTX', 'REDWOODBSKLBTX', 'REDWOODBTX', 'REDWOODHSWBTX', 'REDWOODMLKBSWBTX', 'REDWOODSKLBTX', 'REEBOK', 'REGULUS DSG', 'REGULUS EXPANSION DSG', 'REMOTESCAN DSG', 'RENEGADE CS', 'REVEILLE', 'REVENTON', 'REVENTONBTX', 'REVOLUTION CS', 'RHINE AIO', 'RHINEAIOBTX', 'RHODES', 'RHODES RTL', 'RHODES WIRELESS RTL', 'RHODES.W', 'RIATA', 'RICHARDS', 'RICHARDS FASTTRACK', 'RICHARDS RETAIL', 'RICKLES', 'RICKON', 'RICKON CS', 'RIDGEBACK', 'RIDLEY 2560', 'RIDLEY 2562', 'RIESLING PRINTER', 'RIKERS', 'RIO PRINTER', 'RIOS', 'RIOS MLK', 'RIOS MLK READYSHIP', 'RIOS MLK RETAIL', 'RIOS READY SHIP', 'RIOS RETAIL', 'RIPTIDE', 'RIVER PLACE', 'RIVERSIDEWYSELGCY', 'RIVIERA', 'RIVIERA FASTTRACK', 'RIVIERA READYSHIP', 'RIX6 DW CS', 'RIX6 SW CS', 'RIYA', 'RIYA FASTTRACK', 'RIYA RETAIL', 'ROADKING 10G', 'ROADKING 1G', 'ROADKING EXP', 'ROADKING FC', 'ROADKING SAS', 'ROADRUNNER', 'ROADRUNNER VOLUME EUC', 'ROBERTS', 'ROBERTS 17', 'ROBERTS 17 FASTTRACK', 'ROBERTS 17 KRYPTONITE', 'ROBERTS 17 RETAIL', 'ROBERTS FASTTRACK', 'ROBERTS KRYPTONITE', 'ROBERTS RETAIL', 'ROCKER', 'ROCKET', 'ROCKET11APLBTX', 'ROCKET11BSWBTX', 'ROCKETEDUBSWBTX', 'ROCKETMLKAMD BTX', 'ROCKYBTX', 'RODDENBERRY T', 'RODIN13BSWBTX', 'ROGUE', 'ROGUE12N113BTX', 'ROGUE12N115BTX', 'ROGUE12N117BTX', 'ROME', 'ROME LITE', 'RONALDO MT', 'RONALDO PLUS MT', 'RONALDO PLUS MT RETAIL', 'RONALDO PLUS ST', 'RONALDO PLUS ST RETAIL', 'RONALDO ST', 'ROSEMARY', 'ROSEMARY CDN', 'ROSEMARY CN', 'ROSEMARY DN', 'ROSEMOUNT', 'ROSETTA', 'ROSETTABTX', 'ROTHSCHILD ATG FP', 'ROTHSCHILD FP', 'ROUND ROCK', 'ROUND ROCKBTX', 'ROUND ROCKMLKBTX', 'ROUND ROCKMLKCTO', 'ROUSH', 'ROUSH ATG', 'ROUSH XFR', 'ROUTERS/ACCESS PTS', 'ROWAN', 'ROWAN RTL', 'ROWAN W REFRESH', 'ROWAN WIRELESS', 'ROWAN WIRELESS RTL', 'ROWDIESBTX', 'ROWDIESCTO', 'ROWDIESTAA', 'ROWLING', 'ROYAL 1.1', 'ROYAL 1.1 MEDIA', 'RUBICON MD1400', 'RUBICON MD1420', 'RUBICON MD3060E', 'RUBICON R630', 'RUBICON R730', 'RUMBLEFISH', 'RYAN24', 'RYAN24P', 'RYAN48', 'RYAN48P', 'RYU', 'RYU2', 'RYU2 RETAIL', 'S SERIES', 'S2740L', 'S3048', 'S3100', 'S4048', 'S4048-ON EMC', 'S4048F', 'S4048T', 'S4112F', 'S4112T', 'S4128', 'S4128F', 'S4128T', 'S4148', 'S4148F', 'S4148FE', 'S4148T', 'S4148U', 'S4200', 'S4248FB-ON', 'S4248FBL-ON', 'S45 CS', 'S5048F', 'S5148F', 'S5148F-ON EMC', 'S5212F', 'S5224F', 'S5232F', 'S5248F', 'S5296F', 'S6010', 'S6100', 'SAAZ 2S', 'SAAZ 2S MULTIPACK', 'SAAZ 4S', 'SAAZ 4S MULTIPACK', 'SABA', 'SABINE', 'SABRE', 'SAFFLOWER', 'SAFFLOWER D', 'SAFFRON', 'SAFFRONBTX', 'SAGE PRINTER', 'SAGITTARIUS', 'SAILFISH NONFED', 'SAILFISHCTO', 'SAILFISHMFFBTX', 'SAILFISHMTBTX', 'SAILFISHSFFBTX', 'SAILFISHTAA', 'SAKE PRINTER', 'SAKURABTX', 'SALADO 14', 'SALADO 15', 'SALADO14BTX', 'SALADO15BTX', 'SALMONBTX', 'SALMONCTO', 'SALOMONC', 'SALOMONDC', 'SALOMONTB', 'SALT LAKE', 'SAMIAM', 'SAMOS', 'SAMOS FASTTRACK', 'SAMOS MLK', 'SAMOS MLK FASTTRACK', 'SAMOS MLK RETAIL', 'SAMOS RETAIL', 'SAMURAI', 'SAN BERNARDINO2BTX', 'SAN BERNARDINO2CTO', 'SAN BERNARDINOBTX', 'SAN BERNARDINOCTO', 'SAN BERNARDINOEXT2BTX', 'SAN BERNARDINOEXT2CTO', 'SAN BERNARDINOEXTBTX', 'SAN BERNARDINOEXTCTO', 'SAN BERNARDINOEXTTAA', 'SAN BERNARDINOTAA', 'SAN DIEGOBTX', 'SAN DIEGOCTO', 'SAN DIEGOZEROBTX', 'SAN DIEGOZEROCTO', 'SAN DIEGOZEROTAA', 'SAN FRANCISCLDBTX', 'SAN FRANCISCLDCTO', 'SAN FRANCISCLDTAA', 'SAN FRANCISCOBTX', 'SAN FRANCISCOCLDTAA', 'SAN FRANCISCOTAA', 'SAN FRANCISCOZEROBTX', 'SAN FRANCISCTO', 'SAN FRANCISZEROCTO', 'SAN FRANCISZEROTAA', 'SAN MARINO', 'SAN MARINO CR PLUS', 'SAN MARINO MLK', 'SAN MARINO PERF CR PLUS RETAIL', 'SAN MARINO STD CR PLUS RETAIL', 'SAN MATEO2BTX', 'SAN MATEO2CTO', 'SAN MATEOBTX', 'SAN MATEOCTO', 'SAN MATEOTAA', 'SANDAL DSG', 'SANDIEGOTAA', 'SANDLER', 'SANDSTORM', 'SANDSTORM DSS', 'SANDSTORM OEM', 'SANDSTORMBTX', 'SANDSTORMOEMRBTX', 'SANDSTORMOEMXLBTX', 'SANDSTORMXD', 'SANDSTORMXD DSS', 'SANDSTORMXD OEM', 'SANDSTORMXDBTX', 'SANDSTORMXDOEMRBTX', 'SANDSTORMXDOEMXLBTX', 'SANFORD', 'SANSA', 'SANSA CS', 'SANTA CLARABTX', 'SANTA CLARACTO', 'SANTA CLARATAA', 'SANTA CRUZ RETAIL', 'SANTA CRUZ WF RETAIL', 'SANTA FE', 'SANTAFE11 BTX', 'SANTAFE112IN1 BTX', 'SANYA MINI', 'SANYA MINI RETAIL', 'SANYA SLIM', 'SANYA SLIM RETAIL', 'SAN_INFRASTRUCTURE', 'SAN_INFRASTRUCTURE-PT', 'SAPPHIRE', 'SAPPORO', 'SAPPORO (OLD)', 'SATELLITE', 'SATELLITE M', 'SATORI', 'SAVANNAH WF', 'SAWGRASS MLK', 'SAWGRASS MLK BTX', 'SAWGRASS MLK IC', 'SAWGRASS MLK IC BTX', 'SAWGRASS MLK RETAIL', 'SAWGRASS MT', 'SAWGRASS MT FASTTRACK', 'SAWGRASS MT IC', 'SAWGRASS MT RETAIL', 'SAWGRASS ST', 'SAWGRASS ST FASTTRACK', 'SAWGRASS ST RETAIL', 'SC', 'SC10', 'SCALPEL', 'SCARON', 'SCEPTRE', 'SCEPTRERM', 'SCEPTREU', 'SCIPIO', 'SCOOBY', 'SCOOBY CS', 'SCOOBY FISH CS', 'SCOOBYFISH C', 'SCORPIONCDW CS', 'SCORPIONCS', 'SCORPIONDWHP CS', 'SCORPIONDWHPDL CS', 'SCORPIONDWNHP CS', 'SCORPIONMA CS', 'SCORPIONPDWCS', 'SCORPIONPSWCS', 'SCORPIONRDWCS', 'SCORPIONRSWCS', 'SCORPIONTDWCS', 'SCRAMBLER', 'SCV300 CHINA', 'SCV320 CHINA', 'SEABASS LTO2-LC', 'SEABASS LTO3', 'SEABASS LTO3 HH SCSI', 'SEABASS LTO4', 'SEABASS LTO5', 'SEABASS LTO6', 'SEABASS VS160', 'SEARS TOWER', 'SEASPRAY', 'SEASPRAY OEM', 'SEASPRAYBTX', 'SEASPRAYOEMRBTX', 'SEASPRAYOEMXLBTX', 'SEBRING', 'SECURECOPY DSG', 'SEINFELD', 'SELEK15CFLHRBTX', 'SELES', 'SELES RETAIL', 'SEMILLON PRINTER', 'SENTINEL', 'SENTINEL TAA 110V', 'SENTINEL TAA 220V', 'SENTINEL TAA CAC 110V', 'SENTINEL TAA CAC 220V', 'SEOUL', 'SEOUL MULTIPACK', 'SEPANG MT', 'SEPANG MT RETAIL', 'SEPANG MT SE', 'SEPANG ST', 'SEPANG ST RETAIL', 'SEQUOIA', 'SERENITYBTX', 'SERENITYCBTX', 'SERENITYCCTO', 'SERENITYCTO', 'SERPENTI', 'SERRANO', 'SERRANO2', 'SERVICES VIA WYSE', 'SESAME', 'SESAME RETAIL', 'SESTO', 'SESTOBTX', 'SEVENTYSEVENHUNDRED', 'SHADOW 2U', 'SHADOW 4U', 'SHADOWCAT CFLBTX', 'SHADOWCAT CFLCTO', 'SHADOWCAT CFLRBTX', 'SHADOWCAT CFLRCTO', 'SHADOWCAT KBLBTX', 'SHADOWCAT KBLCTO', 'SHADOWCATBTX', 'SHADOWCATCTO', 'SHAKIRA 14Z', 'SHAKIRA 14Z BTX', 'SHAKIRA 14Z FASTTRACK', 'SHAKIRA 14Z RETAIL', 'SHAMU CS', 'SHANGHAI WORLD', 'SHARP PARK', 'SHASTA', 'SHASTA-L', 'SHATNER RETAIL', 'SHATNER XPS', 'SHATNER XPS FASTTRACK', 'SHATNER XPS MLK', 'SHATNER XPS MLK FASTTRACK', 'SHATNER XPS MLK RETAIL', 'SHATNER XPS RETAIL', 'SHELBY', 'SHELLBACK CS', 'SHENYANG', 'SHENYANG FASTTRACK', 'SHEPARD', 'SHEPARDD', 'SHERRY PRINTER', 'SHERRY TAA 110V', 'SHERRY TAA 220V PRINTER', 'SHERWOOD RETAIL', 'SHERWOOD WF RETAIL', 'SHETLAND', 'SHINER', 'SHIRAZ PRINTER', 'SHOCKWAVE', 'SHOCKWAVEBTX', 'SHOCKWAVEOEMRBTX', 'SHOEMAKER', 'SHOEMAKER4U', 'SHOEMAKER4UBTX', 'SHOEMAKERBTX', 'SHOEMAKEROEM4UBTX', 'SHOEMAKEROEMBTX', 'SHREDDER', 'SHREDDER HD INFRASTRUCTURE', 'SHREDDER HP INFRASTRUCTURE', 'SIBERIA', 'SIDESWIPE', 'SIDESWIPE DSS', 'SIDESWIPE OEM', 'SIDESWIPEBTX', 'SIDESWIPEOEMRBTX', 'SIDEWINDER DR4000', 'SIDEWINDER DR4100', 'SIDIOUS MT', 'SIDIOUS MT FASTTRACK', 'SIDIOUS MT RETAIL', 'SIDIOUS ST', 'SIDIOUS ST RETAIL', 'SIFI', 'SIGMA', 'SIGMA CS', 'SILK', 'SILVER GHOST CS', 'SILVER SHADOW CS', 'SILVERADO', 'SILVEROAKBTX', 'SILVEROAKCTO', 'SILVERSHADOWC CS', 'SILVERSTONE', 'SILVERSTONE LITE', 'SILVERTONBTX', 'SILVERTONCTO', 'SIMPANA', 'SIRIUS', 'SIRIUS RTL', 'SITKA', 'SITKA II', 'SITKAOEMRBTX', 'SIXTEENTENDP', 'SKING COBRA DSG', 'SKIPJACK DAT 72', 'SKIPJACK DDS5', 'SKIPPER', 'SKYE', 'SKYE LITE', 'SKYE-A', 'SKYE-I', 'SKYFALLTWO', 'SKYHAWK', 'SKYLAB', 'SKYLAB EXP', 'SKYLYNX', 'SKYWALKER MT', 'SKYWALKER MT FASTTRACK', 'SKYWALKER MT RETAIL', 'SKYWALKER ST', 'SKYWALKER ST FASTTRACK', 'SKYWALKER ST RETAIL', 'SLEDGEHAMMER', 'SLEDGEHAMMER C', 'SLEESTAK', 'SLICE', 'SLIMERALD', 'SLIMERALD_ISP', 'SLIMFAST (LV5)', 'SLIMMERLOT', 'SLIMNAPA', 'SLIMNAPA_ISP', 'SLIMPHIRE', 'SLIMPHIRE_ISP', 'SLINGSHOT C', 'SLINKY', 'SMCWEB', 'SMTCELLINSIGHT', 'SNAPPER-DELL', 'SNAPPER-EMC', 'SNEETCH', 'SNOOPY PRINTER', 'SNOW', 'SNP CLIENT PERIPHERALS', 'SNP DISPLAYS', 'SNP ENTERPRISE PERIPHERALS', 'SNP OTHER', 'SNP SOFTWARE', 'SODA POP', 'SOFTWARE VIA WYSE', 'SOHO', 'SOHOBTX', 'SOJO', 'SOJOURNER', 'SOLANOBTX', 'SOLANOCTO', 'SOLANOCTOGTAA', 'SOLANOEXTBTX', 'SOLANOEXTCTO', 'SOLANOLDBTX', 'SOLANOLDTAA', 'SOLANOLXBTX', 'SOLANOLXTAA', 'SOLANOLZBTX', 'SOLANOLZTAA', 'SOLARA', 'SOLO DIRECT', 'SOLO READYSHIP', 'SOLO RETAIL', 'SOLUTION DP APPLIANCE 4400_FAMPAR', 'SOMERSETBTX', 'SOMERSETCTO', 'SONIC 2', 'SONIC 3', 'SONIC 4', 'SONIC1', 'SONICWALL NSA', 'SONOMABTX', 'SONOMACTO', 'SONOMATAA', 'SOONERS NET PRINTER', 'SOONERS NET RTL PRINTER', 'SOONERS PRINTER', 'SOONERS RTL PRINTER', 'SOUNDWAVE', 'SOUNDWAVE OEM', 'SOUNDWAVEBTX', 'SOUNDWAVEOEMRBTX', 'SOUTHWICK ME4012', 'SOUTHWICK ME4024', 'SOUTHWICK ME4084', 'SOUTHWICK ME412', 'SOUTHWICK ME424', 'SOUTHWICK ME484', 'SPARES VIA WYSE', 'SPARROWHAWK 3-IN-1 WIFI', 'SPARROWHAWK 4-IN-1', 'SPARROWHAWK 4-IN-1 WIFI', 'SPARTA', 'SPARTA FASTTRACK', 'SPARTA RETAIL', 'SPARTAN FS7600', 'SPARTAN FS7610', 'SPCOBRA4', 'SPCOBRA4BTX', 'SPCOBRA4CTO', 'SPEARS A', 'SPEARS A RETAIL', 'SPEARS I', 'SPEARS I RETAIL', 'SPEARS SE RETAIL', 'SPECTER', 'SPECTER FASTTRACK', 'SPECTER MLK', 'SPECTER MLK RETAIL', 'SPECTER RETAIL', 'SPECTRE', 'SPIDERMAN', 'SPITZER', 'SPITZERBTX', 'SPLUNK - EMC SELECT_FAMPAR', 'SPMUSTANG4XPS', 'SPMUSTANG4XPSBTX', 'SPOTLIGHT DSG', 'SPUTNIK', 'SPYDER', 'SPYDER MLK CTO', 'SPYDER MLK RETAIL', 'SPYDER MLK XPS BTX', 'SPYDER RETAIL', 'SPYDER ULT XPS BTX', 'SPYDER XPS BTX', 'SPYGLASSBTX', 'SPYGLASSCTO', 'SPYGLASSTAA', 'SQUEEZE', 'SRIXON ADMIN', 'SRIXON ENCLOSURE', 'SRIXON SLED', 'ST LOUIS', 'ST MORITZ', 'STARDUST', 'STARDUST OEM', 'STARDUSTBTX', 'STARGELL', 'STARHAWK CFLRBTX', 'STARHAWK CFLRCTO', 'STARL13RORKBLBTX', 'STARL13RORKBLRBTX', 'STARL15RORKBLBTX', 'STARL15RORKBLRBTX', 'STARLB13AMDBTX', 'STARLB13KBLBTX', 'STARLB15KBLBTX', 'STARLB17KBLBTX', 'STARLB17KBLRBTX', 'STARLORD13RORBTX', 'STARLORD15RORBTX', 'STARLORDB13BTX', 'STARLORDB15BTX', 'STARLORDB17BTX', 'STARLORDLBTX', 'STARLORDLCTO', 'STARLORDRORLBTX', 'STARLORDRORLCTO', 'STASH', 'STASHBTX', 'STATSOFT LICENSE & 1Y MAINT BI', 'STATSOFT PROF SVCS BI', 'STATSOFT RENEWALS & PPM BI', 'STEALTH', 'STEAMBOAT12BTX', 'STEAMBOAT12CTO', 'STEAMBOAT12TAA', 'STEAMBOAT13BTX', 'STEAMBOAT13CTO', 'STEAMBOAT13TAA', 'STEAMBOAT14BTX', 'STEAMBOAT14CTO', 'STEAMBOAT14TAA', 'STEAMBOATMLK12BTX', 'STEAMBOATMLK12CTO', 'STEAMBOATMLK12TAA', 'STEAMBOATMLK13BTX', 'STEAMBOATMLK13CTO', 'STEAMBOATMLK13TAA', 'STEAMBOATMLK14BTX', 'STEAMBOATMLK14CTO', 'STEAMBOATMLK14TAA', 'STEELJAW', 'STEELJAWPEBTX', 'STEELJAWPLBTX', 'STEELJAWSI', 'STEELJAWSI DSS', 'STEELJAWSIBTX', 'STEINBECK', 'STILETTO 4G', 'STILETTO CX4', 'STILLETTO-EMC', 'STILLWATER', 'STINGER', 'STINGRAYBTX', 'STINGRAYCTO', 'STOCKTON 3 IN 1', 'STOCKTON 4 IN 1', 'STOMP', 'STOMP DSS', 'STOMPBTX', 'STONECUTTER MT', 'STONECUTTER MT FASTTRACK', 'STONECUTTER ST', 'STONECUTTER ST FASTTRACK', 'STONECUTTER TOWER', 'STONETREE', 'STRADA 12', 'STRADA 24', 'STRATTON', 'STREAK', 'STREAK 10', 'STREAK 7 TV', 'STREAK 7 WI-FI', 'STREAK 7 WWAN', 'STREAK FASTTRACK', 'SULLIVAN', 'SULLIVAN TAA', 'SULLIVAN TAA CC', 'SULLIVAN1', 'SUMAC', 'SUMAC RETAIL', 'SUMAC WIFI RETAIL', 'SUMMIT SC8000', 'SUNFLOWER24BTX', 'SUNFLOWERKBL24BTX', 'SUNKEN GARDENS', 'SUNRISE', 'SUNRISE RETAIL', 'SUNRISEBTX', 'SUPERHAWK', 'SUPERIORAMDBTX', 'SUPERIORBTX', 'SUPERMAN', 'SUPERMAN 3', 'SUPERMASSIVE 9200', 'SUPERMASSIVE 9250', 'SUPERMASSIVE 9400', 'SUPERMASSIVE 9450', 'SUPERMASSIVE 9600', 'SUPERMASSIVE 9650', 'SUPERMASSIVE 9800', 'SUPERWYSE CONVERTER', 'SURFACE PRO', 'SURFACE RT', 'SURLY SC200', 'SURLY SC220', 'SURVEYOR', 'SURVEYORBTX', 'SUVA', 'SUZUKA', 'SUZUKA GREY', 'SUZUKA MAIN', 'SUZUKA MLK', 'SWALL LICENSE & 1Y MAINT SEC', 'SWALL PROD SEC', 'SWALL PROF SVCS SEC', 'SWALL RENEWALS & PPM SEC', 'SWATCH', 'SWIFT', 'SWIFT FASTTRACK', 'SWIFT RETAIL', 'SWINNEY', 'SWORDFISHCTO', 'SWORDFISHMFFBTX', 'SWORDFISHMTBTX', 'SWORDFISHSFFBTX', 'SYDNEY', 'SYLVESTER II', 'SYLVESTER M', 'SZ104', 'SZ124', 'SZ300AC', 'SZ300DC', 'SZZDCTRLRSW', 'T300', 'T300E', 'T301N', 'T301S', 'T310C', 'T310D', 'T310N', 'T310S', 'T610', 'T610S', 'T710', 'T710S', 'TABASCO', 'TABLATBTX', 'TABWSTN11BTX', 'TABXPSBTS', 'TABXPSBTX', 'TACKHAMMER', 'TAG HEUER PRINTER', 'TAHITI', 'TAHOECBBMTBTX', 'TAHOECBBMTMLKBTX', 'TAHOEMTBTX', 'TAHOEMTCBBMLKSKLBTX', 'TAHOEMTMLKBTX', 'TAHOEMTMLKSKLBTX', 'TAHOESFFBTX', 'TAHOESFFMLKBTX', 'TAHOESLKSFFMLKBTX', 'TAHOESOCSFFBTX', 'TAHOESOCSFFMLKBTX', 'TAI LAKE', 'TAI LAKE G31', 'TAIPEI', 'TAISHAN', 'TALBOTTBTX', 'TALON', 'TALOS', 'TAMARIND', 'TAMBOR', 'TANG', 'TAOS14BTX', 'TAOS14CTO', 'TAOS15BTX', 'TAOS15CTO', 'TARPON', 'TARPONBTX', 'TARPONCTO', 'TAYLOR', 'TAZ (LV5)', 'TAZBOT', 'TEHAMAAIO', 'TEHAMAAIOBTX', 'TEHAMAAIOCTO', 'TEHAMAAIOTAA', 'TEJASWPE', 'TELSTRA', 'TELSTRA OEM', 'TELSTRA OEM DT BTX', 'TELSTRA OEM SFF BTX', 'TELSTRADTBTX', 'TELSTRASFBTX', 'TERMINATOR', 'TERRAPIN', 'TESLA', 'TESTAROSSA P', 'TESTAROSSA PBTX', 'TESTAROSSA XPS BTX', 'TEVA', 'TEXAS SHINER', 'THANOSAMD27BTX', 'THIDWICK', 'THIN CLIENT VIA WYSE', 'THREADFIN', 'THREAT DEFENSE', 'THREDBO', 'THUN LITE BTX', 'THUNBTX', 'THUNDER', 'THUNDERBALL', 'THUNDERBIRD', 'THUNDERBOLT', 'THUNDERBOLT NET', 'THURMAN', 'THURMAN RED', 'TIGER', 'TIGER FASTTRACK', 'TIGER RETAIL', 'TIGER-DELL', 'TIGER-EMC', 'TIGEREYE', 'TIGEREYESW', 'TIGERFC', 'TIGRIS', 'TIGRIS AIO', 'TIGRIS AIO BTX', 'TIGRISAIO', 'TIGRISAIOBTX', 'TIGRISMICROBTX', 'TIGRISMTBTX', 'TIGRISSFFBTX', 'TIMBERS125280CTO', 'TIMBERS125280TAA', 'TIMBERS143480BTX', 'TIMBERS143480CTO', 'TIMBERS145480BTX', 'TIMBERS145480CTO', 'TIMBERS145480TAA', 'TIMEX', 'TISBURY', 'TITAN', 'TITAN14BDWBTX', 'TITAN14BTX', 'TITAN14MK2BTX', 'TITAN14MLKBDWBTX', 'TITAN14MLKBTX', 'TITAN15BTX', 'TITANIUM', 'TITANIUM C', 'TITANIUM CS', 'TITANIUM-CD', 'TITANIUMINF C', 'TITLEIST MD1200', 'TITLEIST MD1220', 'TITLEIST MD1280', 'TITLEIST MD1400', 'TITLEIST MD1420', 'TITLEIST MD3060E', 'TITLEIST R720', 'TITLEIST R730', 'TITLEIST R730XD', 'TOAD DSG', 'TOBAGO', 'TOBAGO DSC', 'TOBAGO INT', 'TOKACHI', 'TOKACHI RED', 'TOKYO M70', 'TOLKEIN', 'TOMAHAWK', 'TONGA BTO', 'TONGA FC', 'TORCH TD', 'TORERO', 'TORNADO', 'TORTUGA', 'TRAILBREAKER C', 'TRAILBREAKER2', 'TRANSFORMATIONAL LICENSE AMENDMENT_FAMPAR', 'TRAVIS', 'TRAVIS ATG', 'TRAVISAIOBTX', 'TRIBES FC12', 'TRIBES FC24', 'TRIBES FCDENSE', 'TRIBES ISCSI12', 'TRIBES ISCSI24', 'TRIBES ISCSIDENSE', 'TRIBES SAS DSS', 'TRIBES SAS12', 'TRIBES SAS24', 'TRIBES SASDENSE', 'TRICE 2216', 'TRICE 2224', 'TRICE 2324', 'TRIDENT', 'TRIDENT B', 'TRIDENT RACK_FAMPAR', 'TRIDENT SWITCHES_FAMPAR', 'TRIDENT-EMC', 'TRIDENTFC', 'TRIGGERFISHCTO', 'TRIGGERFISHMTBTX', 'TRIGGERFISHSFFBTX', 'TRIUMPH', 'TROPHY-DELL', 'TROPHY-EMC', 'TROPHYFC', 'TROYA 2808', 'TROYA 2816', 'TROYA 2824', 'TROYA 2848', 'TSINGMA 13', 'TSINGMA 15', 'TSINGMA 15 AMD', 'TSINGMA 17', 'TSINGMA PREMIUM EDITION', 'TUIRS15GMLBTX', 'TULIP14AMDBTX', 'TULIP14BDWBTX', 'TULIP14BSWBTX', 'TULIP14BYTBTX', 'TULIP14MLKINTELBTX', 'TULIP14SKLBTX', 'TULIP15AMDBTX', 'TULIP15BDWBTX', 'TULIP15BSWBTX', 'TULIP15BYTBTX', 'TULIP15MLKINTELBTX', 'TULIP15PRTBTX', 'TULIP15SKLBTX', 'TULIP17AMDBTX', 'TULIP17BDWBTX', 'TULIP17SKLBTX', 'TULUM', 'TULUMMTBTX', 'TULUMSFFBTX', 'TUNNELSBTX', 'TUNNELSCTO', 'TUNNELSMLKBTX', 'TUNNELSMLKCTO', 'TUNNELSOEMBTX', 'TUNNELSOEMCTO', 'TURIS14AMDBTX', 'TURIS14APLBTX', 'TURIS14CNLBTX', 'TURIS14GLKBTX', 'TURIS14GMLBTX', 'TURIS14KBLBTX', 'TURIS14KBLRBTX', 'TURIS15AMDBTX', 'TURIS15APLBTX', 'TURIS15CNLBTX', 'TURIS15GLKBTX', 'TURIS15KBLBTX', 'TURIS15KBLRBTX', 'TURNBERRY', 'TURNBERRY FASTTRACK', 'TURNBERRY READYSHIP', 'TURNBERRY RETAIL', 'TURTLEBAYBTX', 'TURTLEBAYCNBTX', 'TURTLEBAYCNCTO', 'TURTLEBAYCTO', 'TURTLEBAYOEMBTX', 'TURTLEBAYOEMCTO', 'TV-MONITORS', 'TWAIN', 'TWELVETENDP', 'TWELVETENDP RETAIL', 'TWELVETWENTY', 'TWINS CS', 'TWISTER', 'TWOTENDP', 'TYLER', 'TZ500', 'TZ600', 'U2', 'U2711', 'U2713H', 'U2713HM', 'U2913WM', 'U3014', 'ULTRONAMD24BTX', 'ULYSSES', 'ULYSSES OEM', 'ULYSSESBTX', 'UMA', 'UMBRO', 'UMLAUT', 'UNADILLA', 'UNICORN', 'UNITY 300F ALL FLASH_FAMPAR', 'UNITY 300_FAMPAR', 'UNITY 350F ALL FLASH_FAMPAR', 'UNITY 400F ALL FLASH_FAMPAR', 'UNITY 400_FAMPAR', 'UNITY 450F ALL FLASH_FAMPAR', 'UNITY 500F ALL FLASH_FAMPAR', 'UNITY 500_FAMPAR', 'UNITY 550F ALL FLASH_FAMPAR', 'UNITY 600F ALL FLASH_FAMPAR', 'UNITY 600_FAMPAR', 'UNITY 650F ALL FLASH_FAMPAR', 'UNITY VSA_FAMPAR', 'UPGRADE CX2/3 TO CX3-20', 'UPGRADE CX2/3 TO CX3-20C', 'UPGRADE CX2/3 TO CX3-20F', 'UPGRADE CX2/3/4/5 TO 3-40C', 'UPGRADE CX2/3/4/5 TO 3-40F', 'UPGRADE CX2/3/4/5 TO 3-80', 'UPGRADE CX2/3/4/5 TO CX3-40', 'UPGRADE CX200 TO CX300', 'UPGRADE CX200 TO CX400', 'UPGRADE CX200 TO CX500', 'UPGRADE CX200 TO CX600', 'UPGRADE CX200/300 TO CX700', 'UPGRADE CX200LC TO CX200', 'UPGRADE CX3-10/20 TO CX4-240C', 'UPGRADE CX3-10/20/40TOCX4-480C', 'UPGRADE CX3-10/20/40TOCX4-960C', 'UPGRADE CX3-10C TO CX3-20C', 'UPGRADE CX3-10C TO CX3-40C', 'UPGRADE CX3-10C TO CX4-120C', 'UPGRADE CX3-2/4 TO CX3-80', 'UPGRADE CX3-20 TO CX3-20C', 'UPGRADE CX3-20 TO CX3-20F', 'UPGRADE CX3-20 TO CX3-40', 'UPGRADE CX3-20 TO CX3-40F', 'UPGRADE CX3-20C TO 3-40C', 'UPGRADE CX3-20F TO CX3-40F', 'UPGRADE CX3-40 TO CX3-40C', 'UPGRADE CX3-40 TO CX3-40F', 'UPGRADE CX3-40 TO CX3-80', 'UPGRADE CX3-40F TO CX3-80', 'UPGRADE CX3-80 TO CX4-960C', 'UPGRADE CX300 TO CX4-120C', 'UPGRADE CX300 TO CX500', 'UPGRADE CX300/500 TO CX4-240C', 'UPGRADE CX300/500 TO CX4-480C', 'UPGRADE CX300/500 TO CX4-960C', 'UPGRADE CX4-120/240TOCX4-960C', 'UPGRADE CX4-120C TO CX4-240C', 'UPGRADE CX4-120C TO CX4-480C', 'UPGRADE CX4-240C TO CX4-480C', 'UPGRADE CX4-480C TO CX4-960C', 'UPGRADE CX400 TO CX500', 'UPGRADE CX400/500 TO CX700', 'UPGRADE CX6 TO CX3-40', 'UPGRADE CX6/7 TO CX3-80', 'UPGRADE CX600 TO CX3-40F', 'UPGRADE CX600 TO CX700', 'UPGRADE CX700 TO CX3-40F', 'UPGRADE CX700 TO CX4-480C', 'UPGRADE CX700 TO CX4-960C', 'UPGRADE SOLUTION_FAMPAR', 'UPGRADE TO CX600', 'UPGRADE TO FC4500', 'UPGRADE TO FC4700', 'UPGRADE TO FC4700-2', 'UPS RACK', 'UPS RACK SNP', 'UPS TOWER', 'UPS TOWER SNP', 'URANIUM CS', 'URRIGON', 'URSA MINOR', 'V-MAX 2 ENGINE SOLUTION_FAMPAR', 'V-MAX 3 ENGINE SOLUTION_FAMPAR', 'V-MAX 4 ENGINE SOLUTION_FAMPAR', 'V-MAX 8 ENGINE SOLUTION_FAMPAR', 'V-MAX SE SOLUTION_FAMPAR', 'V3LOKI14CBTX', 'V3LOKI14KBLBTX', 'V3LOKI14WHLCNLBTX', 'V3LOKI15CBTX', 'V3LOKI15GLK1SPBTX', 'V3LOKI15GLKBTX', 'V3LOKI15KBL1SPBTX', 'V3LOKI15KBL2SPBTX', 'V3LOKI15WHLCNL1SPBTX', 'V3LOKI15WHLCNL2SPBTX', 'V5BUCKY14 BTX', 'V5BUCKY15 BTX', 'V5LOKI14CMLBTX', 'V5LOKI15CMLBTX', 'V5MANTIS14BTX', 'V5MANTIS15BTX', 'V5WASP13CMLBTX', 'V5WASP13WHLBTX', 'VADER', 'VALENTIA 4IN1', 'VALENTIA 4IN1 TAA 110V', 'VALENTIA 4IN1 TAA 110V CAC', 'VALENTIA 4IN1 TAA 110V CC', 'VALENTIA 4IN1 TAA 220V', 'VALENTIA 4IN1 TAA 220V CAC', 'VALENTIA 4IN1 TAA 220V CC', 'VANCOUVER5420BTX', 'VANCOUVER5420CTO', 'VANCOUVER5420TAA', 'VANCOUVER5424BTX', 'VANCOUVER5424CTO', 'VANCOUVER5424TAA', 'VANCOUVER7424BTX', 'VANCOUVER7424CTO', 'VANCOUVER7424TAA', 'VANGOGH14BDWBTX', 'VANGOGH14SKLBTX', 'VANGOGH15BDWBTX', 'VANGOGH15SKLBTX', 'VANGUARD', 'VANILLA', 'VANILLA TAA CC CAC', 'VANILLA2K', 'VANQSSM', 'VANQUISH', 'VANS 15', 'VANS 17', 'VANS15BTX', 'VANS17BTX', 'VANTAGE', 'VDATAPLANE', 'VEGA', 'VEGAS14CNLBTX', 'VEGAS14KBLBTX', 'VEGAS14KBLRBTX', 'VEGAS15AMDBTX', 'VEGAS15APLBTX', 'VEGAS15CNLBTX', 'VEGAS15GLKBTX', 'VEGAS15GMLBTX', 'VEGAS15KBLBTX', 'VEGAS15KBLRBTX', 'VEGAS15LKBTX', 'VELOCITY DPS', 'VELOCITY VSPHERE', 'VENENOBTX', 'VENICE', 'VENOM CHASSIS', 'VENOM CS', 'VENTURABTX', 'VENTURABTXFSJ', 'VENTURACTO', 'VENTURACTOFSJ', 'VENTURATAA', 'VENTURE-DELL', 'VENTURE-EMC', 'VENUE TOUCH', 'VEP1400', 'VEP4600', 'VERRAZANO', 'VESO', 'VESUVIO', 'VESUVIUS', 'VGVA', 'VICTORIA BAY TRAIL D BTX', 'VICTORIA BTX', 'VICTORY-DELL', 'VICTORY-EMC', 'VICTORYFC', 'VIDA', 'VIDAL 3IN1', 'VIDAL 3IN1 TAA 110V', 'VIDAL 3IN1 TAA 110V CAC', 'VIDAL 3IN1 TAA 110V CC', 'VIDAL 3IN1 TAA 220V', 'VIDAL 3IN1 TAA 220V CAC', 'VIDAL 3IN1 TAA 220V CC', 'VIDAL 4IN1', 'VIDAL 4IN1 TAA 110V', 'VIDAL 4IN1 TAA 110V CAC', 'VIDAL 4IN1 TAA 110V CC', 'VIDAL 4IN1 TAA 220V', 'VIDAL 4IN1 TAA 220V CAC', 'VIDAL 4IN1 TAA 220V CC', 'VIGEO', 'VIGEO RETAIL', 'VIKING', 'VIKING C', 'VIKING CS', 'VIKING RETAIL', 'VIKINGBTX', 'VINCE', 'VINDICATOR 3', 'VINDICATOR 3 RETAIL', 'VINEGAR 3IN1', 'VINEGAR 4IN1', 'VINEGAR 4IN1 TAA CAC', 'VIPER', 'VIPER CS', 'VIPER OBS PORT', 'VIPERPDU CS', 'VIRAGO-DELL', 'VIRAGO-EMC', 'VIRTUSTREAM STORAGE CLOUD - EMC SELECT_FAMPAR', 'VMAX 10K 1 ENGINE SOLUTION_FAMPAR', 'VMAX 10K 2 ENGINE SOLUTION_FAMPAR', 'VMAX 10K 3 ENGINE SOLUTION_FAMPAR', 'VMAX 10K 4 ENGINE SOLUTION_FAMPAR', 'VMAX 200K 4 ENGINE SOLUTION_FAMPAR', 'VMAX 20K 1 ENGINE SOLUTION_FAMPAR', 'VMAX 20K 2 ENGINE SOLUTION_FAMPAR', 'VMAX 20K 3 ENGINE SOLUTION_FAMPAR', 'VMAX 20K 4 ENGINE SOLUTION_FAMPAR', 'VMAX 20K 6 ENGINE SOLUTION_FAMPAR', 'VMAX 20K 8 ENGINE SOLUTION_FAMPAR', 'VMAX 250 SOLUTION_FAMPAR', 'VMAX 40K 1 ENGINE SOLUTION_FAMPAR', 'VMAX 40K 2 ENGINE SOLUTION_FAMPAR', 'VMAX 40K 3 ENGINE SOLUTION_FAMPAR', 'VMAX 40K 4 ENGINE SOLUTION_FAMPAR', 'VMAX 40K 6 ENGINE SOLUTION_FAMPAR', 'VMAX 40K 8 ENGINE SOLUTION_FAMPAR', 'VMAX 450 SOLUTION_FAMPAR', 'VMAX 850 SOLUTION_FAMPAR', 'VMAX 950 SOLUTION_FAMPAR', 'VMAX CFLBTX', 'VMAX CFLCTO', 'VMAX KBLBTX', 'VMAX100K_FAMPAR', 'VMAX10K ADDITIONAL PACKAGES_FAMPAR', 'VMAX10K_FAMPAR', 'VMAX200K UPGRADES_FAMPAR', 'VMAX200K_FAMPAR', 'VMAX400K UPGRADES_FAMPAR', 'VMAX400K_FAMPAR', 'VMAXBTX', 'VNX1 UPGRADES_FAMPAR', 'VNX5200 OEM SOLUTION_FAMPAR', 'VNX5200 SOLUTION_FAMPAR', 'VNX5400 OEM SOLUTION_FAMPAR', 'VNX5400 SOLUTION_FAMPAR', 'VNX5600 SOLUTION_FAMPAR', 'VNX5800 SOLUTION_FAMPAR', 'VNX7600 SOLUTION_FAMPAR', 'VNX8000 SOLUTION_FAMPAR', 'VNXE1600  VSS1600 SOLUTION_FAMPAR', 'VNXE3150 SOLUTION_FAMPAR', 'VNXE3200 OEM_FAMPAR', 'VNXE3200 SOLUTION_FAMPAR', 'VNXE3300 UPGRADES_FAMPAR', 'VOLCANO', 'VOLTRONIC', 'VOLUME SOFTWARE LICENSE AMENDMENT_FAMPAR', 'VORTEX', 'VORTEX POS', 'VOSTROOAK 14BTX', 'VOSTROOAK 15BTX', 'VOYAGER MLK', 'VOYAGER MLK RETAIL', 'VOYAGER1', 'VOYAGER1 RETAIL', 'VPLEX ALL FLASH ARRAY_FAMPAR', 'VPLEX VS2 ALL FLASH ARRAY_FAMPAR', 'VPLEX VS2_FAMPAR', 'VPLEX VS6_FAMPAR', 'VQUIK', 'VRANGER', 'VULCAN', 'VULCAN15BCFLHBTX', 'VULCAN15CFLHBTX', 'VULCAN17CFLHBTX', 'VULCANA15CFLHBTX', 'VULCANB15CFLHBTX', 'VX460 TEA OLIVE', 'VX460F TEA OLIVE', 'VX470 PINK DOGWOOD', 'VX470F PINK DOGWOOD', 'VX470S FLOWERING PEACH', 'VXE 560 PIONEER POC', 'VXE560 PIONEER', 'VXE560F PIONEER', 'VXE565 HELIOS', 'VXE565 PIONEER', 'VXE565F HELIOS', 'VXE565F PIONEER', 'VXFLEX APL R640', 'VXFLEX APL R740XD', 'VXFLEX APL R840', 'VXFLEX RN R640', 'VXFLEX RN R740XD', 'VXFLEX RN R840', 'VXFLEX RN-R640', 'VXFLEX RN-R740XD', 'VXG560 COSMOS', 'VXG560F COSMOS', 'VXP570 HORIZONXD', 'VXP570F HORIZONXD', 'VXP575 HORIZONXD', 'VXP575 SURVEYOR', 'VXP575F HORIZONXD', 'VXP575F SURVEYOR', 'VXP575N HORIZONXD', 'VXP575N SURVEYOR', 'VXRACK FLEX 14G FIXED_FAMPAR', 'VXRACK FLEX R640', 'VXRACK FLEX R740XD', 'VXRACK FLEX R840', 'VXRACK FLEX_FAMPAR', 'VXRACK SDDC 14G 1U1N HAF 10X2.5 DSLT EX_FAMPAR', 'VXRACK SDDC 14G 1U1N HAF 10X2.5 DSLT_FAMPAR', 'VXRACK SDDC 14G 2U1N H 14X3.5 DSLT EX_FAMPAR', 'VXRACK SDDC 14G 2U1N H 14X3.5 DSLT_FAMPAR', 'VXRACK SDDC 14G 2U1N HAF 24X2.5 DSLT EX_FAMPAR', 'VXRACK SDDC 14G 2U1N HAF 24X2.5 DSLT_FAMPAR', 'VXRACK SDDC 14G 2U1N HAF GPU 24X2.5D EX_FAMPAR', 'VXRACK SDDC 14G 2U1N HAF GPU 24X2.5DSLT_FAMPAR', 'VXRACK SDDC 14G CISCO SWITCH_FAMPAR', 'VXRACK SDDC 14G DELL NODE FIXED CONFIG_FAMPAR', 'VXRACK SDDC 14G RACK_FAMPAR', 'VXRACK SDDC 14G SOLUTION RACK EXPANSION_FAMPAR', 'VXRACK SDDC 14GEX DELL NODE FIXED CONFIG_FAMPAR', 'VXRAIL 14G G560 NODE HYBRID  ALL FLASH_FAMPAR', 'VXRAIL 14G ORDER RESOLUTION ONLY_FAMPAR', 'VXRAIL 14G UPGRADE SOLUTION_FAMPAR', 'VXRAIL 3.5 HCIA APPLIANCE_FAMPAR', 'VXRAIL 4.0 E460 HYBRID  E460F ALL FLASH_FAMPAR', 'VXRAIL 4.0 P470 HYBRID  P470F ALL FLASH_FAMPAR', 'VXRAIL 4.0 S470 - HYBRID_FAMPAR', 'VXRAIL 4.X E P V  S UPGRADE SOLUTION_FAMPAR', 'VXRAIL14G G560 CHASSIS HYBRID  ALLFLASH_FAMPAR', 'VXRAIL500 E560 HYBRID  E560F ALL FLASH_FAMPAR', 'VXRAIL500 P570 HYBRID  P570F ALL FLASH_FAMPAR', 'VXRAIL500 S570 HYBRID_FAMPAR', 'VXRAIL500 V570 HYBRID  V570F ALL FLASH_FAMPAR', 'VXS570 HORIZONXD', 'VXV570 HORIZONXD', 'VXV570F HORIZONXD', 'W2306C', 'W2307C', 'W2606C', 'W2607C', 'W3201C', 'W3202MC', 'W3202MH', 'W3207C', 'W3208C', 'W3706MC', 'W3706MH', 'W3707C', 'W3708C', 'W4200 HD', 'W4201ED', 'W4201HD', 'W4207C', 'W5001C', 'W5007C', 'WAHOO', 'WARBIRD', 'WARNADO EX1_FAMPAR', 'WARNADO EX2_FAMPAR', 'WARNADO EX3_FAMPAR', 'WARNADO EX4_FAMPAR', 'WARNADO EX5_FAMPAR', 'WARRIOR 100', 'WARRIOR 500', 'WARRIOR 600', 'WASABI BLACK', 'WASABI BLUE', 'WASABI PINK', 'WASPL13BTX', 'WASPL13CTO', 'WCS2 C2 CS', 'WCS2 CS', 'WCS575 CS', 'WCS585 CS', 'WEBSTER', 'WELCHS', 'WEMBLEY', 'WESTLAKE', 'WESTLAKE FASTTRACK', 'WESTON', 'WHITE OWL', 'WHITEFISHCTO', 'WHITEFISHMFFBTX', 'WHITEFISHMLKCTO', 'WHITEFISHMLKMFFBTX', 'WHITEFISHMLKMTBTX', 'WHITEFISHMLKSFFBTX', 'WHITEFISHMTBTX', 'WHITEFISHSFFBTX', 'WHITEHAVEN15BTX', 'WHITEHAVEN15CTO', 'WHITEHAVEN15MLKBTX', 'WHITEHAVEN15MLKCTO', 'WHITEHAVEN15MLKTAA', 'WHITEHAVEN15TAA', 'WHITEHAVEN17BTX', 'WHITEHAVEN17CTO', 'WHITEHAVEN17MLKBTX', 'WHITEHAVEN17MLKCTO', 'WHITEHAVEN17MLKTAA', 'WHITEHAVEN17TAA', 'WHITETAIL14BTX', 'WHITETAIL14CTO', 'WHITETAIL14TAA', 'WILDCAT PRINTER', 'WILDFIRE', 'WILLIAM', 'WILLYS', 'WILSON', 'WILSON 3', 'WILSON LITE', 'WIND', 'WINDBTX', 'WINDU', 'WINDU FASTTRACK', 'WINDU RETAIL', 'WINDU TOUCH', 'WINERY 13', 'WINERY 13 RETAIL', 'WINERY 14', 'WINERY 14 RETAIL', 'WINERY 15', 'WINERY 15 RETAIL', 'WINERY 17', 'WINERY 17 RETAIL', 'WINGMAN SC5000', 'WINGMAN SC5020', 'WINTERFELL', 'WINTERFELL CS', 'WISEMAN', 'WISEMAN FASTTRACK', 'WISEMAN RETAIL', 'WOCKET', 'WOLVERINE', 'WOLVERINE PRINTER', 'WOLVERINE.NET OCONUS PRINTER', 'WOLVERINE.NET PRINTER', 'WOLVERINE.NET TAA PRINTER', 'WORMWOOD', 'WORMWOODDAEFP', 'WRANGLER CS', 'WSERIES', 'WUHAN', 'X1008', 'X1008P', 'X1018', 'X1018P', 'X1026', 'X1026P', 'X1052', 'X1052P', 'X4012', 'X6 C', 'X6 CS', 'X6300 C', 'XCD', 'XENON', 'XR200P', 'XTREMIO X02_FAMPAR', 'XTREMIO X2_FAMPAR', 'YALONG BAY', 'YALONG BAY RETAIL', 'YAMATO15 BTX', 'YAMATO15 CTO', 'YAMATO17 BTX', 'YAMATO17 CTO', 'YANJINGSC4000', 'YANJINGSC4020', 'YANKTON', 'YAOMING', 'YAOMING RETAIL', 'YARDBIRD', 'YATESBTX', 'YEBISU', 'YEBISU (OLD)', 'YEL/YOS INFRASTRUCTURE', 'YELLOWSTONE', 'YELLOWSTONE - DSM', 'YELLOWSTONE - ENCLOSURE', 'YELLOWSTONE - IOM', 'YELLOWTAIL', 'YERTLE', 'YODA', 'YODA RETAIL', 'YOGI670', 'YOGIES20', 'YUKON', 'Z SERIES', 'Z9100', 'Z9100-ON EMC', 'Z9232', 'Z9264', 'Z9332F', 'ZANZIBAR', 'ZAPPA2 SCSI', 'ZAX', 'ZD1200', 'ZEISS 7024', 'ZEISS 7024F', 'ZEISS 7024P', 'ZEISS 7048', 'ZEISS 7048P', 'ZEISS 7048R', 'ZEISS 7048RR', 'ZEPHYR', 'ZERMATT', 'ZEUS', 'ZEUSCS', 'ZEUSDWHP CS', 'ZEUSRDWCS', 'ZEUSRSWCS', 'ZIDANE MT', 'ZINFANDEL PRINTER', 'ZINFANDEL TAA 110V', 'ZINFANDEL TAA 220V', 'ZODIAC', 'ZONEPLANNER', 'ZOOKS', 'ZUMA', 'ZUMA RETAIL', 'ZUMAPBTX', 'ZUMAPCTO', 'ZUMAPXLBTX', 'ZUMAPXLCTO', 'ZUUL', 'ZUUL II'}",Distinct PLATFORM Values